﻿SPORT, DATE, COMP, BET-TYPE, MATCH-UP, BET, ODDS, STAKE, BOOK, RESULT, +/-
Soccer, 05/08 19:30, FRIE, Pre-Match, Omonia – PAO 0:0, 1 asian,1.78,15, bet365, 1-0,11.7
Soccer, 08/08 20:30 09-08 19:30, CL EL, Pre-Match, PAOK – Spartak M. Leipzig - Craiova, under 2.5 1, 1.61 1.12,15, bet365, 3-2,-15
Soccer, 09/08 22:30, EL, Live, 20′ Sevilla – Zalgiris 0:0.75 (0-0), 1 asian HT,1.8,10, bet365, 1-0,4
Soccer, 11/08 17:30, FRIE, Pre-Match, Alki – AEL, 2 DNB,1.9,15, bet365, 0-1,13.5
Soccer, 11/08 18:00 11-08 18:30, FRIE FRIE, Pre-Match, OFI – Apollon Sm. Panionios - Panetolikos, 1 DNB 1 DNB, 1.66 1.61,10, bet365, 2-1 1-0,16.7
Soccer, 18/08 19:00, FRIE, Pre-Match, AEL – Anorthosi, 1 DNB,1.85,10, bet365, 2-0,8.5
Soccer, 19/08 19:00 19-08 19:00 19-08 19:00, FRIE FRIE FRIE, Pre-Match, Ksanthi – Iraklis 0:1.5 (15) Ksanthi - Iraklis(5) Ksanthi - Iraklis(5), 2 asian X2 Ksanthi under 2.5 goals, 1.925 3.75 1.80,25, bet365, 2-1,12.87
Soccer, 22/08 22:00, CL, Pre-Match, Vidi – AEK 0.5:0, 1 asian,1.72,10, pinnacle, 1-2,-10
Soccer, 25/08 19:15, GRE1, Live, 30′ PAOK – Asteras Tr. 0:0.75 (0-0), 1 asian,1.7,15, pinnacle, 1-0,5.25
Soccer, 26/08 16:00, GRECUP, Pre-Match, Xalkida – Episkopi, X2,2.3,5, stoiximan, 0-1,6.5
Soccer, 26/08 19:15, GRE1, Live, 1′ Panionios – OFI (0-0), under 2.5,2,10, bet365, 2-2,-10
Soccer, 26/08 21:30, GRE1, Live, 60′ Olympiakos – Levadiakos 0:0.75, 1 asian,1.7,15, bet365, 1-0,5.25
Soccer, 01/09 19:15, GRE1, Pre-Match, Pao – Lamia 0:1, 2 asian,1.75,10, bet365, 3-1,-10
Soccer, 01/09 21:30, GRE1, Pre-Match, Asteras Tr. – AEK, 1X,1.8,15, bet365, 0-1,-15
Soccer, 02/09 11:30, GREU19, Pre-Match, Panionios – PAOK U19, 2 DNB,1.85,10, bet365, 0-1,8.5
Soccer, 02/09 18:00, CYP1, Pre-Match, Alki – Ermis 0.25:0, 2 asian,1.95,20, bet365, 0-2,19
Soccer, 02/09 19:15, GRE1, Live, 27′ Panionios – PAOK (0-0),2,1.95,15, bet365, 0-1,14.25
Soccer, 02/09 20:00, CYP1, Live, 5′ Paralimni – Salamina (0-1), under 3.5,1.72,10, bet365, 3-5,-10
Soccer, 03/09 21:30, GRE1, Pre-Match, Levadiakos – Apollon Sm. 0:0.25, 1 asian,2,15, bet365, 1-0,15
Soccer, 06/09 03:00, MEXCUP, Live, 80′ Oaxaca – Monarcas (1-1), over 2.5,1.8,10, bet365, 1-1,-10
Soccer, 14/09 17:00, ROM3, Live, 25′ Metalurgistul – Millenium (0-0), over 1.5 HT,1.85,5, sbobet, 1-0,-5
Soccer, 15/09 18:15 15-09 18:15, GRE1 GRE1, Pre-Match, OFI – PAOK (5) OFI - PAOK, 2 & GG 2 & over 1.5, 4.20 1.83,10, stoiximan, 1-3,20.15
Soccer, 15/09 18:15, GRE1, Live, 4’ OFI – PAOK (0-0),2,1.8,15, sbobet, 1-3,12
Soccer, 15/09 19:00, GRE1, Pre-Match, Apollon Sm. – PAS 0:0, 2 asian,2.1,15, sbobet, 1-2,16.5
Soccer, 15/09 20:00, CYP1, Live, 73′ Salamina – AEK L. (1-1), over 2.5,1.9,15, bet365, 1-1,-15
Soccer, 16/09 16:30, GRECUP, Live, 12′ Ermis Am. – Ergotelis (0-0,2,1.8,10, bet365, 0-3,8
Soccer, 16/09 17:00, GRE1, Live, 58′ Ksanthi – Panetolikos (1-1), over 2.5,1.8,10, bet365, 1-1,-10
Soccer, 16/09 20:30, GRE1, Live, 75′ Olympiakos – Asteras Tr. (1-1), over 2.5,1.8,10, bet365, 2-1,8
Soccer, 17/09 19:00, CYP1, Live, 78′ Anorthosi – AEL (0-1), over 1.5,1.9,10, bet365, 0-1,-10
Soccer, 20/09 07:55, EL, Pre-Match, PAOK – Chelsea 1:0, 1 asian,1.8,15, bet365, 0-1,0
Soccer, 20/09 07:55, EL, Live, 75′ PAOK – Chelsea (0-1), over 1.5,1.85,10, bet365, 0-1,-10
Soccer, 22/09 20:30, GRE1, Pre-Match, PAS – Aris 0.25:0, 1 asian,1.8,15, pinnacle, 1-0,12
Soccer, 23/09 11:30, GREU19, Live, 5′ PAOK – AEK U19 (0-0),1,1.95,15, pinnacle, 4-0,14.25
Soccer, 23/09 19:00, GRE1, Pre-Match, Pao – Levadiakos 0:1, 2 asian,1.9,10, pinnacle, 3-0,-10
Soccer, 23/09 20:00, CYP1, Live, 55′ Alki – Anorthosi (0-0),2,1.7,15, pinnacle, 0-0,-15
Soccer, 23/09 20:30, GRE1, Live, 15′ PAOK – AEK 0:0.25 (0-0), 1 asian,1.9,20, pinnacle, 2-0,18
Soccer, 24/09 19:30 24-09 19:30 24-09 19:30, GRE1 GRE1 GRE1, Live, 30′ Panionios – Olympiakos 1:0 (0-0) (10) 40' Panionios - Olympiakos 0.75:0 (0-0) (10) 80' Panionios - Olympiakos (0-0) (15), 2 asian 2 asian over 0.5, 1.80 1.80 1.75,35, bet365, 0-1 0-1 0-1,15.2
Soccer, 24/09 19:30, GRE1, Pre-Match, Panionios – Olympiakos, 2 & GG,3.9,5, bet365, 0-1,-5
Soccer, 26/09 16:30, GRECUP, Live, 83′ Aititos – Ergotelis (1-1), over 2.5,2.9,5, bet365, 1-1,-5
Soccer, 27/09 21:30, GRECUP, Live, 20′ Olympiakos – Levadiakos 0:1.5 (0-0), 1 asian,1.8,15, bet365, 1-0,-15
Soccer, 29/09 18:00, GRE1, Live, 60′ Larisa – Panetolikos (1-0), over 1.5,2.1,10, pinnacle, 1-0,-10
Soccer, 30/09 16:00, GRE1, Pre-Match, Apollon Sm. – Panionios 0:0, 2 asian,1.75,15, pinnacle, 0-2,11.25
Soccer, 30/09 18:15, GRE1, Live, 1′ Levadiakos – Atromitos 0.25:0 (0-0), 1 asian,1.85,15, pinnacle, 0-2,-15
Soccer, 30/09 19:30, GRE1, Pre-Match, Aris – Asteras Tr., X2,1.7,15, bet365, 2-0,-15
Soccer, 30/09 20:30, GRE1, Pre-Match, Olympiakos – PAOK 0:0.75, 2 asian,1.8,15, bet365, 0-1,12
Soccer, 07/10 15:00, GREU19, Pre-Match, Panetolikos U19 – Levadiakos U19 0:1.75, 2 asian,2.05,15, bet365, 4-2,-7.5
Soccer, 07/10 16:00, GRE3, Pre-Match, Edessaikos – Agrotikos Ast., X2,1.85,5, stoiximan, 2-1,-5
Soccer, 07/10 16:00, GRE3, Pre-Match, Aiolikos – Kallithea,1,2.25,5, stoiximan, 2-1,6.25
Soccer, 07/10 16:00, GRE3, Pre-Match, Aspida Ks. – Aris Av.,2,2.12,5, stoiximan, 0-3,5.6
Soccer, 12/10 16:00, FRIE, Live, 5′ Ermis Ar. – Omonia 0.75:0 (1-0), 2 asian,1.8,15, bet365, 2-3,12
Soccer, 12/10 16:30, FRIE, Live, 77′ Apollon L. – Trikala (1-1),2,3,10, bet365, 1-3,20
Soccer, 13/10 16:30 13-10 16:30, FRIE FRIE, Pre-Match, Volos – Panachaiki (15) Volos - Panachaiki (5), 1X 1 DNB, 2.20 3.50,20, bet365, 4-1,30.5
Soccer, 13/10 21:45, NL, Live, 25′ Bulgaria – Cyprus (0-0),1,2,10, pinnacle, 2-1,10
Soccer, 14/10 16:00 14-10 16:00 14-10 16:00 14-10 16:00, GRE3 GRE3 GRE3 GRE3, Pre-Match, Kilkis – PAO Kosmiou (5) Atsalenios - Proodeutiki (5) Makedonikos Foufa - Thesprotos (5) Mak. Siatistas - Kronos Arg. (5), 1 1 1 1 DNB, 1.95 2.00 1.95 1.97,20, stoiximan, 0-0 1-0 2-1 0-0,4.75
Soccer, 16/10 21:45, NL, Live, 45′ Slovenia – Cyprus 0:0.5 (0-1), 1 asian,1.78,10, pinnacle, 1-1,7.8
Soccer, 17/10 15:30, CYPW, Live, 25′ Barcelona W -Apollon L W. (1-0), under 3.5,1.8,5, bet365, 2-1,4
Soccer, 19/10 19:00, CYP2, Pre-Match, Othellos – Ethnikos Achnas, 1 DNB,1.9,10, bet365, 0-0,0
Soccer, 20/10 11:00 20-10 11:00, GREU19 GREU19, Live, 72′ Pao – Panionios U19 (1-1) (10) 80' Pao - Panionios U19 0:0.25 (2-1) (5), over 2.5 1 asian, 1.80 2.35,15, bet365, 2-1,5.5
Soccer, 20/10 17:00, CYP1, Live, 28′ Paralimni – Anorthosi 0.5:0 (1-0), 2 asian,1.76,10, pinnacle, 1-1,7.6
Soccer, 20/10 19:00, GRE1, Pre-Match, Apollon Sm. – AEK, Apollon under 0.5,1.7,10, stoiximan, 0-2,7
Soccer, 20/10 19:00, CYP1, Live, 30′ AEK L. – Doksa K. 0:1.25 (0-0), 1 asian,1.8,15, pinnacle, 3-0,12
Soccer, 20/10 19:00, GRE1, Live, 80′ Apollon Sm. – AEK (0-1), over 1.5,3,10, bet365, 0-2,20
Soccer, 21/10 16:00, GRE3, Pre-Match, Fokikos – Meteora, 2 DNB,2.25,5, stoiximan, 1-3,6.25
Soccer, 21/10 16:00, GRE3, Pre-Match, Kavala – Panserraikos,1,2.25,5, stoiximan, 4-0,6.25
Soccer, 21/10 16:00, GRE3, Pre-Match, Aspida Ks – Nestos,2,1.85,5, stoiximan, 0-4,4.25
Soccer, 21/10 17:00 21-10 17:00, CYP1 CYP1, Live, 5′ Salamina – Omonia (0-0) (15) 75' Salamina - Omonia (1-0) (15), 2 over 1.5, 1.85 1.90,30, bet365, 1-0,-30
Soccer, 21/10 19:00, GRE1, Pre-Match, Aris – PAOK, 2 DNB,1.75,20, stoiximan, 1-2,15
Soccer, 22/10 19:00 22-10 19:00, GRE1 GRE1, Pre-Match, Atromitos – Asteras Tr. 0:0.5 (15) 70' Atromitos - Asteras Tr. (2-2) (10), 2 asian over 4.5, 1.93 2.00,25, bet365, 3-2,-5
Soccer, 27/10 14:30 27-10 16:00, GRE2 GREU19, Pre-Match, Trikala – Drama Olympiakos - Apollon Sm. U19, under 2.5 1, 1.60 1.12,10, bet365, 2-3 5-1,-10
Soccer, 27/10 15:00 27-10 15:00 27-10 15:00, GRE3 GRE3 GRE3, Pre-Match, Souli Paramithias – Tilikratis (5) Atromitos - Ionikos (5) Nestos - Kavala (5), 1X 1X 2 DNB, 1.90 1.80 1.83,15, stoiximan, 0-1 0-2 3-0,-15
Soccer, 27/10 16:00 27-10 16:00, GRE3 GRE3, Pre-Match, Asteras Iteas – Niki volou Pao Koufalion - Skoutari, 2 2, 1.73 1.93,5, stoiximan, 0-1 2-2,-5
Soccer, 27/10 16:00, CYP2, Pre-Match, Onisilos – Thoi, 2 DNB,1.83,10, bet365, 0-0,0
Soccer, 27/10 16:00, GRE2, Live, 71′ Iraklis – Irodotos (1-0), over 1.5,1.75,10, bet365, 1-0,-10
Soccer, 27/10 19:00 27-10 19:00, CYP1 CYP1, Live, 75′ Alki – Apoel (1-2) (10) 78' Alki - Apoel (2-2), over 3.5 over 4.5, 1.85 1.85,20, bet365, 2-4,17
Soccer, 28/10 15:00, GRE2, Live, 12′ Ergotelis – Apollon K. 0:0.5, 1 asian,1.8,10, bet365, 2-0,8
Soccer, 28/10 19:00 28-10 19:00, GRE1 GRE1, Live, 67′ Panetolikos – Asteras Tr. (1-0) (10) 67' Panetolikos - Asteras Tr. (1-0) (5), over 1.5 over 1.5, 1.95 3.00,15, bet365, 1-1,19.5
Soccer, 29/10 19:00, CYP1, Live, 82′ Doksa K. – Apollon L. (1-1), over 2.5,2.8,5, bet365, 1-1,-5
Soccer, 29/10 19:00, CYP1, Live, 75′ Doksa K. – Apollon L. (1-0), over 1.5,1.8,10, bet365, 1-1,8
Soccer, 29/10 19:00, GRE1, Pre-Match, Ksanthi – Pas 0:0.75, 2 asian,1.78,15, pinnacle, 2-1,-7.5
Soccer, 29/10 19:30, GRE1, Live, 80′ Olympiakos – Apollon Sm. (0-0), over 0.5,1.9,10, bet365, 1-0,9
Soccer, 30/10 15:00, GRECUP, Live, 72′ OFI – Niki V. (2-0), over 2.5,1.85,10, bet365, 3-0,8.5
Soccer, 30/10 17:15, GRECUP, Live, 79′ Levadiakos – Aris Av. (2-0), over 2.5,1.75,15, bet365, 4-0,11.25
Soccer, 30/10 17:15, GRECUP, Live, 52′ Larisa – Irodotos 0:0.5 (1-0), 1 asian,1.75,10, pinnacle, 4-1,7.5
Soccer, 30/10 17:15, GRECUP, Pre-Match, Levadiakos – Aris Av. 0:1.5, 1 HC,1.8,15, bet365, 4-0,12
Soccer, 31/10 15:00, GRECUP, Live, 30′ Apollon L. – AEK (0-0), over 1 HT,2.2,10, pinnacle, 0-2,12
Soccer, 01/11 15:00, GRECUP, Live, 4′ Kerkira – Ksanthi (0-0),2,1.8,15, bet365, 0-1,12
Soccer, 01/11 19:30 01-11 19:30 01-11 19:30, GRECUP GRECUP GRECUP, Live, 25′ PAS – Thyella K. 0:0.75 (1-0) (10) *SMAN 45' PAS - Thyella (3-0) (5) 65' PAS - Thyella (3-0) (15), 1 asian HT Thyella over 0.5 over 4.5, 1.90 4.00 1.80,30, sbobet, 5-0,16
Soccer, 03/11 12:00, GREU19, Live, 70′ Aris – Olympiakos U19 (0-0), over 0.5,1.85,10, bet365, 0-0,-10
Soccer, 03/11 15:00 03-11 15:00, GREU19 GREU19, Live, 30′ OFI – Apollon Sm. U19 0:0.75 U19 (0-1) (10) 75' OFI - Apollon Sm. U19 (1-1), 1 asian over 2.5, 1.90 1.90,20, bet365, 1-1,-5.5
Soccer, 03/11 16:00, GRE1, Live, 1′ Akritas – Onisilos (0-0), X2,1.8,10, bet365, 1-2,8
Soccer, 03/11 16:30, GRE1, Pre-Match, Atromitos – PAOK,2,1.75,30, bet365, 1-1,-30
Soccer, 03/11 17:00, CYP1, Live, 79′ Apollon L. – Anorthosi (1-2), over 2.5,2,10, bet365, 1-2,-10
Soccer, 03/11 19:00, GRE1, Live, 70′ Panathinaikos – AEK (0-0), over 0.5,1.8,25, bet365, 0-0,-25
Soccer, 03/11 19:30 03-11 19:30, GRE1 GRE1, Live, 78′ Levadiakos – AEL (0-1) (10) 84' Levadiakos - AEL (1-1) (5), over 1.5 over 2.5, 2.90 3.5,15, sbobet, 1-1,14
Soccer, 04/11 15:00, GRE2, Live, 28′ Irodotos – Aittitos Sp. (0-0), over 0.5 HT,1.9,10, bet365, 0-0,-10
Soccer, 04/11 15:00, GRE3, Pre-Match, Aris Av. – Panserraikos,1,2.4,5, stoiximan, 0-2,-5
Soccer, 04/11 17:00, CYP1, Live, 72′ Pafos – APOEL (0-0), over 0.5,1.8,10, bet365, 0-0,-10
Soccer, 04/11 19:00, GRE1, Live, 4′ Aris – Olympiakos (0-0),2,2.05,15, pinnacle, 0-1,15.75
Soccer, 04/11 19:00, GRE1, Live, 25′ PAS – Lamia (0-0), over 1.25,1.8,15, bet365, 0-0,-15
Soccer, 10/11 13:00 10-11 13:00, GREU20 GREU20, Live, 25′ Levadiakos U19 – OFI U19 (0-0) (10) 82 'Levadiakos U19 - OFI U19 (2-2) (5), 2 DNB over 4.5, 1.90 2.90,15, bet365, 2-2,-5
Soccer, 10/11 15:00, GRE2, Live, 18′ Sparti – Ergotelis 0.75:0 (0-0), 2 asian,1.8,20, bet365, 0-2,16
Soccer, 10/11 17:15, GRE1, Pre-Match, Larisa – Pas 0:0.5, 2 asian,1.82,10, pinnacle, 2-0,-10
Soccer, 10/11 19:00, CYP1, Live, 65′ Anorthosi – Salamina 0:0.25 (0-0), 1 asian,1.9,10, bet365, 1-0,9
Soccer, 10/11 19:00, GRE1, Live, 80′ Ksanthi – Panionios (0-1), over 1.5,2.9,5, bet365, 0-1,-5
Soccer, 11/11 15:00, GRE2, Pre-Match, Platanias – Doksa Dramas,2,2.2,15, bet365, 0-0,-15
Soccer, 11/11 15:00, GRE2, Pre-Match, AEK – Atromitos 0:0.75, 2 asian,2,15, bet365, 0-2,15
Soccer, 11/11 15:00, GRE2, Pre-Match, Aittitos Spaton – Kerkira,2,2.1,15, bet365, 0-0,-15
Soccer, 11/11 17:00, GRE3, Pre-Match, Orfeas Ks. – Keraunos P., X2,2.38,5, stoiximan, 0-0,6.9
Soccer, 11/11 17:00, CYP1, Pre-Match, Doksa K. – Omonia, 1X,1.75,15, stoiximan, 1-2,-15
Soccer, 11/11 17:00 11-11 17:15, GRE2 GRE1, Live, 72′ Irodotos – Karaiskakis (2-0) (15) Irodotos - Karaiskakis (15), over 2.5 under 3, 1.70 2.00,30, bet365, 2-0,0
Soccer, 11/11 17:15 11-11 17:15, GRE1 GRE1, Live, 80′ PAOK – Panetolikos (2-1) (5) 60' PAOK - Panetolikos 0:0.75 (0-0) (10), over 3.5 1 asian, 2.50 1.80,15, bet365, 2-1,-1
Soccer, 12/11 19:00, GRE1, Pre-Match, Apollon Sm. – Aris 0.5:0, 1 asian,1.9,10, pinnacle, 1-2,-10
Soccer, 12/11 19:00 12-11 19:00, GRE1 GRE1, Live, 66′ Apollon Sm. – Aris (1-1) (10) 70' Apollon Sm. - Aris (1-2) (20), over 1.5 over 3.5, 1.80 1.90,30, bet365, 1-2,-12
Soccer, 14/11 15:00, GRECUP, Live, 80′ Ergotelis – PAOK (1-2), over 3.5,2.2,10, bet365, 1-2,-10
Soccer, 14/11 15:00, GRECUP, Live, 70′ Ergotelis – PAOK (1-1), over 2.5,1.8,15, sbobet, 1-2,12
Soccer, 18/11 15:00 18-11 15:00 18-11 15:00 18-11 15:00, GRE3 GRE3 GRE3 GRE3, Pre-Match, Kalampaki -Paralimnio T x2u Naupaktiakos - Makedonikos F. Meteora - AO Sellanon C x2u Mandraikos - Panarkadikos, 2 1 1 1, 2.08 2.15 1.95 2.15,10, stoiximan, 0-1 1-1 4-2 3-3,-10
Soccer, 18/11 15:00, GRE2, Live, 11′ Panachaiki – Iraklis (1-0), under 2.75,2,10, stoiximan, 1-0,10
Soccer, 20/11 10:30, FRIE, Live, 83′ Australia – Lebanon (3-0) To score Anytime, Cahill,12,5, bet365, No,-5
Soccer, 21/11 15:00, GRE2, Live, 1′ Platanias – Kissamikos 0:0.5 (0-0), 2 asian,1.8,10, pinnacle, 0-0,8
Soccer, 22/11 15:00 22-11 15:00, GRE2 GRE2, Live, 60′ Iraklis – Apollon L. (3-3) (10) 78' Iraklis - Apollon L. (3-3) (10), 1 over 6.5, 2.60 1.80,20, bet365, 3-4,-2
Soccer, 24/11 11:00, GREU20, Live, 70′ Panetolikos – AEK U19 (2-1), over 3.5,1.8,10, bet365, 3-1,8
Soccer, 24/11 15:00, GRE2, Live, 75′ Kissamikos – Irodotos 0:0.25 (2-0), 1 asian,1.85,10, bet365, 2-0,-5
Soccer, 24/11 19:00, GRE1, Live, 7′ Panetolikos – AEK 0.75:0 (0-0), 2 asian,1.8,25, pinnacle, 2-1,-25
Soccer, 25/11 15:00, GRE3, Pre-Match, Giannitsa – Agrotikos Ast., 2 DNB,1.87,5, stoiximan, 1-1,0
Soccer, 25/11 15:00, GRE2, Live, 5′ Apollon L. – Spata (0-0), over 2.5,1.9,10, pinnacle, 2-0,-10
Soccer, 25/11 15:00, GRE2, Live, 1′ Apollon K – Kerkira (0-0),2,1.98,15, sbobet, 0-2,14.7
Soccer, 25/11 15:00 25-11 15:00 25-11 15:00 25-11 15:00, GRE2 GRE2 GRE2 GRE2, Live, 1′ Apollon L. – Spata Τ x3u Panachaiki - Karaiskakis 0:1.5 Aiginiakos - Doksa Drama C x3u Apollon K. - Kerkira, over 2.5 1 asian over 2.5 2, 2.00 2.25 2.00 1.98,15, stoiximan, 2-0 0-0 1-3 0-2,-15
Soccer, 25/11 17:00, CYP1, Live, 68′ Omonia – Anorthosi (1-1), over 2.5,1.9,10, bet365, 1-1,-10
Soccer, 30/11 18:00, CYP2, Pre-Match, Ethnikos Axnas – Akritas 0:0.75, 1 asian,1.8,15, bet365, 4-1,12
Soccer, 01/12 15:00, GRE2, Live, 10′ Platanias – Trikala (0-0), Χ2,1.93,10, bet365, 2-0,-10
Soccer, 01/12 19:00, CYP1, Live, 25′ AEL – Omonia (0-1), under 3.25,1.8,10, bet365, 2-1,4
Soccer, 02/12 15:00, GRE2, Pre-Match, Doksa Dr. – Panachaiki, 1 DNB,1.9,15, bet365, 1-1,0
Soccer, 02/12 15:00, GRE2, Live, 43′ Sparti – Volos 0.75:0 (1-1), 2 asian,1.9,15, bet365, 1-3,13.5
Soccer, 02/12 17:15, GRE1, Live, 70′ Levadiakos – Asteras Tr. (0-1), over 1.5,1.9,15, bet365, 0-2,13.5
Soccer, 03/12 19:00, GRE1, Live, 65′ Lamia – PAOK (3-0 ck), Lamia race 5 ck,1.72,10, bet365, 5-3,7.2
Soccer, 04/12 13:00, GREU19, Live, 25′ Lamia – PAOK U19 (0-1), under 3.5,1.72,10, bet365, 1-3,-10
Soccer, 07/12 19:00, CYP2, Live, 70′ Agia Napa – Zakaki (2-1), over 3.5,1.8,10, bet365, 2-1,-10
Soccer, 08/12 11:00, GREU19, Pre-Match, Apollon L – Volos U19, 2 DNB,1.85,10, bet365, 1-0,-10
Soccer, 08/12 14:30, CYP2, Live, 82′ Karmiotissa – Aris L. (1-1), over 2.5,2.45,5, bet365, 1-1,-5
Soccer, 08/12 15:00, GREU19, Pre-Match, Aiginiakos – Doksa Dr. U19, 2 DNB,1.9,10, bet365, 0-5,9
Soccer, 08/12 18:00, CYP1, Live, 73′ Alki – Omonia (0-1), over 1.5,1.8,10, bet365, 0-2,8
Soccer, 08/12 19:30 08-12 19:30 08-12 19:30 08-12 19:30 08-12 19:30, GRE1 GRE1 GRE1 GRE1 GRE1, Pre-Match, AEK – Lamia (5) AEK - Lamia (2) AEK - Lamia (2) AEK - Lamia (1) AEK - Lamia (1), over 9.5 ck over 10.5 ck over 11.5 ck over 14.5 ck over 17.5 ck, 2.00 2.75 3.75 12.00 34.00,11, bet365, 5-0,-11
Soccer, 09/12 15:00, CYP2, Pre-Match, Akritas – Omonia Ar., X2,1.9,10, bet365, 1-0,-10
Soccer, 09/12 15:00, GRE1, Live, 45′ Kissamikos – Aiginiakos (2-2),1,1.8,15, bet365, 2-3,-15
Soccer, 09/12 15:30 09-12 15:30, GRE1 GRE1, Live, 72′ Xanthi – Olympiakos (1-0) 78' Xanthi - Olympiakos (1-1), over 1.75 over 2.5, 1.90 1.80,10, bet365, 1-1,-5.5
Soccer, 09/12 15:30, GRE1, Live, 87′ Xanthi – Olympiakos (1-6 ck), over 7.5 ck,1.66,10, bet365, 2-8,6.6
Soccer, 09/12 17:15, GRE1, Pre-Match, OFI – Pao 0.25:0, 1 asian,1.8,20, bet365, 3-1,16
Soccer, 10/12 00:00, GRE1, Pre-Match, Panionios – Levadiakos,1,1.8,20, bet365, 1-1,-20
Soccer, 10/12 19:00, GRE1, Live, 67′ Panetolikos – Apollon Sm. (2-1), over 3.5,1.75,20, bet365, 2-1,-20
Soccer, 10/12 19:00, CYP1, Live, 78′ AEL – Ermis (3-2), over 5.5,1.85,10, bet365, 3-2,-10
Soccer, 13/12 00:00 13-12 00:00, CL EL, Pre-Match, Group C C.L Group Z E.L, PSG to qualify PAOK to qualify, 1.33 1.45,35, stoiximan, Yes No,-35
Soccer, 13/12 22:00, EL, Pre-Match, Group L winner, PAOK,9,10, bet365, No,-10
Soccer, 15/12 15:00 15-12 17:15, CYP2 GRE1, Pre-Match, Anagennisi D. – Akritas PAS - Panionios, 1 DNB 1 DNB, 1.57 1.53,15, bet365, 5-1 3-1,21.03
Soccer, 15/12 15:00, GRE2, Live, 10′ Aiginiakos – Ergotelis (0-0), over 2.5,1.8,10, bet365, 1-0,-10
Soccer, 15/12 19:00 15-12 19:00, GRE1 GRE1, Live, 4′ Aris- Panetolikos (0-0) (10) 80' Aris- Panetolikos (1-2) (5), over 2 over 3.5, 1.85 2.50,15, bet365, 1-2,3.5
Soccer, 16/12 15:00, GRE2, Pre-Match, Apollon K. – Apollon L, 1X,2,10, bet365, 1-0,10
Soccer, 16/12 16:00, CYP1, Live, 15′ Omonia – Apoel (0-0),2,1.8,15, bet365, 1-2,12
Soccer, 16/12 19:00, GRE1, Pre-Match, Pao – Atromitos, X2,1.85,10, bet365, 1-0,-10
Soccer, 18/12 15:00, GRECUP, Live, 70′ Ierapetra – Panetolikos (0-0), over 0.75,1.75,10, bet365, 0-0,-10
Soccer, 19/12 15:30 19-12 15:30, GRECUP GRECUP, Pre-Match, Kissamikos – Pao 0.75:0 (20) 30' Kissamikos - Pao (0-1) (5), 2 asian over 1.5 HT, 1.85 2.20,25, bet365, 1-2 0-1,3.5
Soccer, 20/12 15:00 20-12 15:00 20-12 15:00, GRECUP GRECUP GRECUP, Pre-Match, Apollon L. – Lamia 1.75:0 (10) Apollon L. - Lamia (10) 20' Apollon L. - Lamia (0-1) (10), 2 asian over 3 over 4.5, 1.95 1.90 1.82,30, bet365, 0-7,26.7
Soccer, 20/12 17:15 20-12 17:15 20-12 17:15 20-12 17:15, GRECUP GRECUP GRECUP GRECUP, Pre-Match, Irodotos – Panionios 1:0 Tx3u Ierapetra - Panetolikos 1.5:0 Spata - PAOK 1:0 Cx3u Apollon P. - Asteras Tr. 2:0, 2 asian 2 asian 2 asian HT 2 asian, 1.95 2.00 1.77 1.90,15, bet365, 1-2 0-0 0-2 0-4,-4.88
Soccer, 20/12 17:15 20-12 17:15, GRECUP GRECUP, Live, 45′ Ergotelis – Aris 0.75:0 (1-0) (15) 81' Ergotelis - Aris (3-2) (10), 2 asian over 5.5, 1.82 1.77,25, bet365, 3-2,-25
Soccer, 20/12 17:15, GRECUP, Live, 41′ Aittitos S. – PAOK (0-2), over 5.5,1.75,10, bet365, 0-6,7.5
Soccer, 20/12 19:30, GRECUP, Live, 25′ Apollon K. – AEL (0-0), 2/2,2.5,10, stoiximan, 0-2/0-4,15
Soccer, 20/12 19:30, GRECUP, Live, 55′ Apollon K. – AEL 1:0 (0-2), 2 asian,1.78,10, pinnacle, 0-4,7.8
Soccer, 22/12 14:30, CYP2, Pre-Match, Akritas – Aris L., 2 DNB,1.66,20, bet365, 2-4,13.2
Soccer, 22/12 17:00, CYP1, Live, 75′ Pafos – Apollon L. (1-1), over 2.5,1.7,20, bet365, 1-1,-20
Soccer, 23/12 15:00, GRE2, Live, 81′ Ergotelis – Panachaiki (1-1), over 2.5,3.1,5, bet365, 2-1,10.5
Soccer, 23/12 16:00, CYP1, Pre-Match, AEL – Anorthosi, X2,1.8,15, bet365, 0-3,12
Soccer, 23/12 17:00, CYP1, Pre-Match, Alki – Doksa K., 2 DNB,1.83,15, bet365, 2-1,-15
Soccer, 02/01 18:00, CYP1, Live, 10′ AEK Larnaka- Paphos (0-0) 0:1.5, 1 asian,1.95,15, bet365, 1-1,-15
Soccer, 05/01 03:00 05-01 15:00, GRE2 GRE2, Pre-Match, Ergotelis – Apollon L (15) 78' Ergotelis - Apollon L. (1-2) (10), 1 DNB over 3.5, 1.83 2.00,25, bet365, 1-2,-25
Soccer, 06/01 15:00 06-01 15:00, GRE2 GRE2, Live, 20′ Sparti – Irodotos (0-0) (5) 20' Sparti - Irodotos (0-0) (1), 1 HT 1/2, 2.80 29.00,6, bet365, 1-0/3-0,8
Soccer, 07/01 19:00, CYP1, Pre-Match, Ermis – Paralimni 0:0.25, 1 asian,1.9,10, pinnacle, 0-0,-5
Soccer, 08/01 15:00, GRECUP, Live, 25′ PAS – Panionios 0:0.25 (1-1), 1 asian,2,10, sbobet, 1-1,-5
Soccer, 08/01 17:00, GRECUP, Live, 83′ Panachaiki – PAOK (2-1), over 3.5,2.9,5, bet365, 2-1,-5
Soccer, 09/01 19:00, CYP1, Pre-Match, AEK L. – Apollon L. 0.25:0, 2 asian,2,10, sbobet, 0-0,-5
Soccer, 10/01 19:00, GRECUP, Pre-Match, Lamia – Pao, 1X,1.72,15, bet365, 1-0,10.8
Soccer, 12/01 12:00 12-01 12:00, GREU19 GREU19, Live, 45′ Levadiakos – Olympiakos U19 1:0 (1-0) (10) 80' Levadiakos - Olympiakos U19 (2-2) (10), 2 asian over 4.5, 1.85 2.00,20, bet365, 2-2,-10
Soccer, 12/01 14:30, CYP2, Live, 45′ Karmiotissa – Digenis V. (2-1), X2,3.75,5, bet365, 2-1,-5
Soccer, 12/01 15:00, GRE2, Live, 35′ Irodotos – Kerkira 0.75:0 (0-0), 2 asian,1.8,15, pinnacle, 0-2,12
Soccer, 12/01 17:00, CYP1, Live, 5′ Pafos – Salamina 0:0.25 (0-0), 1 asian,2,20, sbobet, 1-3,-20
Soccer, 12/01 18:00, CYP1, Pre-Match, Paralimni – Doksa K., 2 DNB,1.96,25, sbobet, 0-1,24
Soccer, 13/01 15:00, GRE2, Live, 10′ Doksa Dr. – Sparti 0:1 (0-0), 1 asian,1.8,15, bet365, 2-0,12
Soccer, 13/01 15:00, GRE2, Live, 1′ Karaiskakis – Apollon K. 0:0.25 (0-0), 2 asian,1.9,15, bet365, 0-2,13.5
Soccer, 13/01 15:00, GRE2, Live, 4′ Spata – Kissamikos 0.75:0 (0-0), 2 asian,1.8,25, sbobet, 0-1,10
Soccer, 13/01 15:00, GRE2, Live, 68′ Iraklis – Ergotelis (1-1), over 2.5,1.78,10, bet365, 2-1,7.8
Soccer, 16/01 17:00, CYPCUP, Live, 1′ Omonia – Apollon L. (0-0), 1 DNB,2.05,15, bet365, 1-1,0
Soccer, 19/01 11:00, GREU19, Live, 1′ PAOK – Panionios U19 0:3 (0-0), 2 asian,1.9,5, bet365, 3-1,4.5
Soccer, 19/01 14:30, CYP2, Pre-Match, Onisilos – Aris L,2,2,5, stoiximan, 0-1,5
Soccer, 19/01 15:00, GRE2, Live, 12′ Panachaiki – Platanias 0:0.25 (0-0), 1 asian,1.85,15, sbobet, 1-0,12.75
Soccer, 19/01 17:00, CYP1, Pre-Match, Omonia – Salamina,1,1.9,10, bet365, 3-1,9
Soccer, 19/01 19:00 19-01 19:00 19-01 19:00, GRE1 GRE1 GRE1, Live, 15′ Apollon Sm. – Levadiakos (0-0) (5) 65' Apollon Sm. - Levadiakos (0-0) (10) 82' Apollon Sm. - Levadiakos (0-0) (5), 1 over 0.5 over 0.5, 2.30 1.80 2.40,20, bet365, 0-0,-20
Soccer, 20/01 15:00, GRE2, Live, 12′ Aiginiakos – Irodotos (0-0),1,2,10, bet365, 0-1,-10
Soccer, 20/01 15:00, GRE1, Live, 1′ OFI – Panetolikos 0:0.25 (0-0), 1 asian,1.85,15, sbobet, 3-0,12.75
Soccer, 20/01 15:00, GRE2, Live, 7′ Sparti – Kerkira 1:0 (0-0), 2 asian,1.9,15, bet365, 1-2,0
Soccer, 21/01 19:00, CYP1, Pre-Match, Doksa K. – AEK L.,2,1.91,15, bet365, 0-5,13.65
Soccer, 23/01 17:00, CYPCUP, Live, 3′ Pafos – Aris L 0:1.25 (0-0), 1 asian,1.85,15, sbobet, 4-1,12.75
Soccer, 23/01 17:15, GRECUP, Pre-Match, AEK – Kissamikos 0:1, 1 asian HT,1.87,10, bet365, 2-0,8.7
Soccer, 24/01 19:30 24-01 19:30 24-01 19:30, GRECUP GRECUP GRECUP, Pre-Match, Pao – Lamia (20) 21' Pao - Lamia 0:1 (0-0) (10) 80' Pao - Lamia (0-0) (10), To Qualify Pao 1 asian over 0.5, 2.05 2.00 2.20,40, bet365, 1-0/ No,-8
Soccer, 25/01 19:00, CYP2, Live, 70′ Thoi – Digenis (0-0),2,5.5,5, bet365, 0-0,-5
Soccer, 26/01 14:30, CYP2, Live, 10′ Olympiakos L – PAEEK 0:1 (0-0), 1 asian HT,1.85,5, bet365, 1-0,0
Soccer, 26/01 14:30, CYP2, Live, 77′ Karmiotissa – Akritas (1-1), over 2.5,1.8,10, bet365, 2-1,8
Soccer, 26/01 17:00, CYP1, Live, 73′ Salamina – Ermis (1-0), over 1.5,1.8,10, bet365, 1-0,-10
Soccer, 26/01 17:15 26-01 17:15, GRE1 GRE1, Live, 1′ PAS – Apollon Sm. 0:0.75 (0-0) (20) 75' PAS - Apollon Sm. (1-0) (5), 1 asian over 1.5, 1.90 2.40,25, sbobet, 1-0,4
Soccer, 27/01 15:00 27-01 15:00, GRE2 GRE2, Live, 5′ Apollon K. – Sparti 0:1.25 (20) 5' Apollon K. - Sparti (10), 1 asian 1 HT, 1.85 1.85,30, bet365, 0-0/1-0,-20
Soccer, 27/01 17:15 27-01 17:15, GRE1 GRE1, Live, 15′ PAOK – OFI 0:1.25 (0-0) (20) PAOK - OFI (5), 1 asian 1 & GG, 1.85 3.75,25, bet365, 4-0,12
Soccer, 28/01 19:00, CYP1, Live, 79′ Apoel – Alki (0-0), over 0.5,2,15, bet365, 0-0,-15
Soccer, 30/01 15:00, GRE2, Live, 10′ Trikala – Apollon L (0-0),1,1.83,15, bet365, 1-1,-15
Soccer, 30/01 17:15, GRE1, Live, 70′ PAOK – PAS 0:0.75 (1-1), 1 asian,1.75,20, pinnacle, 2-1,7.5
Soccer, 30/01 17:15, GRE1, Pre-Match, PAOK – PAS, 1 & under 3.5,1.8,10, bet365, 2-1,8
Soccer, 30/01 17:15, GRE1, Live, 7′ PAOK – PAS 0:0.75 (0-0) HT, 1 asian,1.95,10, pinnacle, 1-0,4.75
Soccer, 31/01 17:15, GRE1, Pre-Match, OFI – Atromitos, X,3,10, bet365, 1-1,20
Soccer, 02/02 12:00 02-02 12:00, GREU19 GREU19, Live, 75′ Levadiakos – Pao U19 (0-1) (10) 81' Levadiakos - Pao U19 (1-1) (5), over 1.5 over 2.5, 1.90 2.40,15, bet365, 1-1,4
Soccer, 02/02 15:00 02-02 19:30, CYP2 GRE1, Pre-Match, Zakaki – Aris L Olympiakos - Panionios, 2 1, 1.61 1.10,15, bet365, 2-3 4-0,11.56
Soccer, 02/02 17:00, CYP1, Live, 83′ APOEL – Paphos (1-2), over 3.5,1.8,10, bet365, 1-2,-10
Soccer, 02/02 19:00, CYP1, Live, 75′ Anorthosi – Apollon L (1-0), over 1.5,1.75,20, bet365, 1-0,-20
Soccer, 02/02 19:30, GRE1, Live, 65′ Olympiakos – Panionios 0:0.75 (0-0), 1 asian,1.9,15, pinnacle, 4-0,13.5
Soccer, 03/02 15:00, GRE1, Pre-Match, Apollon Sm – Tripoli,2,1.75,20, bet365, 0-2,15
Soccer, 03/02 15:00, GRE1, Pre-Match, Ofi – Xanthi 0:0.25, 1 asian,1.87,20, pinnacle, 0-0,-10
Soccer, 03/02 19:00, GRE1, Pre-Match, Aris – Pas 0:1, 1 asian,1.72,10, bet365, 1-0,0
Soccer, 06/02 17:00, GRECUP, Pre-Match, Lamia – Olympiakos 1:0, 1 asian,1.82,10, sbobet, 3-3,8.2
Soccer, 07/02 17:00, GRECUP, Pre-Match, Ergotelis – Asteras Tr. 0.25:0, 2 asian,1.94,15, pinnacle, 0-1,14.1
Soccer, 08/02 19:00, CYP2, Pre-Match, Thoi – PAEEK, 1 DNB,1.72,10, bet365, 0-0,0
Soccer, 08/02 19:00, CYP2, Live, 15′ Olympiakos L – Onisilos (0-0), over 1 HT,1.95,5, bet365, 0-0,-5
Soccer, 09/02 13:00, GREU19, Live, 73′ Trikala – Kissamikos U19 (1-1), over 2.5,1.75,10, bet365, 1-1,-10
Soccer, 09/02 13:30, GREU19, Live, 19′ Platania – Ergotelis U19 (1-0), X2,1.8,10, bet365, 1-0,-10
Soccer, 09/02 15:00, CYP2, Pre-Match, Akritas – Digenis,1,1.91,5, stoiximan, 2-1,4.55
Soccer, 09/02 15:00, CYP2, Live, 83′ Asil – MEAP (3-2), over 5.5,3,5, bet365, 3-2,-5
Soccer, 09/02 17:15, GRE1, Live, 17′ Panionios – Apollon Sm. (0-0),1,1.75,20, bet365, 0-1,-20
Soccer, 09/02 19:30, GRE1, Live, 3′ PAS – Pao 0.25:0, 1 asian,1.85,10, bet365, 1-0,8.5
Soccer, 10/02 15:00, GRE2, Live, 1′ Aittitos – Platanias (0-0), 1X,2.1,15, bet365, 0-0,16.5
Soccer, 10/02 15:00, GRE2, Live, 35′ Kerkyra – Apollon L. 0:0.75 (0-1), 1 asian,1.9,15, bet365, 1-2,-15
Soccer, 10/02 15:00, GRE2, Live, 63′ Aiginiakos – Panachaiki (0-0), over 0.5,1.8,10, bet365, 0-0,-10
Soccer, 10/02 15:00, GRE1, Live, 72′ AEK – OFI (1-0), over 1.5,1.8,15, bet365, 1-0,-15
Soccer, 10/02 17:00, CYP1, Live, 81′ Omonia – Doksa K. (1-2), over 3.5,2.35,10, bet365, 2-2,13.5
Soccer, 10/02 18:00, CYP1, Live, 25′ AEK L. -Alki (0-0), over 0.5 HT,1.85,5, bet365, 1-0,4.25
Soccer, 10/02 19:30, GRE1, Live, 60′ Atromitos – Levadiakos (1-0), over 1.5,1.85,10, bet365, 1-0,-10
Soccer, 11/02 19:00, GRE1, Live, 2′ Panetolikos – Larisa 0:0.25 (0-0), 1 asian,1.89,15, sbobet, 2-2,-7.5
Soccer, 11/02 19:00, GRE1, Live, 67′ Panetolikos – Larisa (2-1), over 3.5,1.85,5, sbobet, 2-2,4.25
Soccer, 16/02 10:30, GREU19, Live, 22′ Levadiakos – Panetolikos U19 (0-0), over 2,1.85,5, bet365, 1-2,4.25
Soccer, 16/02 15:00, CYP2, Live, 79′ Omonia Ar – Aris (0-0), over 0.5,1.8,5, bet365, 0-1,4
Soccer, 16/02 15:00, CYP2, Live, 80′ MEAP – Olympiakos L (1-1),2,1.9,5, bet365, 1-2,4.5
Soccer, 16/02 15:00, CYP2, Live, 28′ MEAP – Olympiakos L. (1-1), 2 HT,1.95,5, bet365, 1-1,-5
Soccer, 16/02 19:00, GRE1, Live, 74′ Pao – Tripoli (1-0), over 0.5,2.2,5, pinnacle, 1-0,-5
Soccer, 16/02 19:30, GRE1, Pre-Match, PAS – Atromitos, X,2.9,5, bet365, 0-2,-5
Soccer, 17/02 15:00, GRE1, Pre-Match, Larisa – Xanthi, X2,1.74,10, bet365, 1-1,7.4
Soccer, 17/02 16:00 17-02 16:00, CYP1 CYP1, Pre-Match, Anorthosi – Omonia (10) 78' Anorthosi - Omonia (0-0) (5), 1 over 0.5, 2.40 2.50,15, bet365, 0-0,-15
Soccer, 17/02 18:00, CYP1, Live, 70′ Doksa K. – Ermis (1-0), over 1.5,1.8,15, bet365, 1-1,12
Soccer, 17/02 19:30, GRE1, Live, 70′ Olympiakos -AEK (1-1), over 2.5,2,10, bet365, 4-1,10
Soccer, 18/02 19:00, GRE1, Live, 5′ Apollon Sm. – PAOK (0-0 ck), over 9.5,1.8,10, bet365, 5-5,8
Soccer, 18/02 19:30, GRE1, Live, 20′ OFI – Lamia 0:0.25 (0-0), 1 asian,1.83,15, pinnacle, 0-3,-15
