﻿SPORT, DATE, COMP, BET-TYPE, MATCH-UP, BET, ODDS, STAKE, BOOK, RESULT, +/-
, 12/08 18:30, FRIE, Pre-Match, Aris – Panetolikos 0.25:0, 2 asian, 1.90, 10.0, bet365, 1-2, +9,
, 13/08 18:30, FRIE, Live, 10′ Ksanthi – Kalamaria (0-0), under 2.5, 1.72, 10.0, bet365, 0-0, +7.2,
, 13/08 19:00, FRIE, Pre-Match, Nea Salamina – Omonia 0.25:0, 2 asian HT, 1.85, 10.0, bet365, 0-2, +8.5,
, 16/08 18:15, FRIE, Pre-Match, OFI – Kissamikos 0:1, 1 asian, 1.82, 15.0, bet365, 1-0, 0,
, 16/08 21:45, CL, Pre-Match, OSFP – Rijeka, 1, 1.79, 20.0, stoiximan, 2-1, +15.8,
Soccer, 17/08 17:00, FRIE, Pre-Match, PAO u20 – Rafina Th. 0:0, 1 asian, 1.77, 15.0, bet365, 2-2, 0,
Soccer, 17/08 19:00, FRIE, Pre-Match, Paniliakos – Asteras Tr., 1X, 2.25, 10.0, bet365, 2-2, +12.5,
Soccer, 17/08 21:00, EL, Pre-Match, PAOK – Ostersunds, Ostersunds under 0.5, 1.83, 20.0, bet365, 3-1, -20,
Soccer, 19/08 19:15, GRE1, Pre-Match, Ksanthi – Lamia, under 0.75 HT, 1.95, 20.0, bet365, 0-0, +19,
Soccer, 19/08 21:30, GRE1, Pre-Match, OSFP – Larisa, under 3.5, 1.75, 20.0, stoiximan, 4-1, -20,
Soccer, 20/08 19:15, GRE1, Live, 10′ Levadiakos – PAOK (0-0), 2, 1.72, 25.0, pinbet, 0-0, -25,
Soccer, 20/08 19:15, GRE1, Pre-Match, AEK – Panetolikos, under 2.5, 1.75, 10.0, bet365, 2-0, +7.5,
Soccer, 26/08 21:30, GRE1, Pre-Match, Lamia – Olympiakos, under 3, 1.70, 15.0, bet365, 0-1, +10.5,
Soccer, 27/08 18:00, CYP1, Pre-Match, AEK Lar. – Olympiakos Nic., N/G, 1.97, 15.0, stoiximan, 2-0, +14.55,
Soccer, 27/08 19:15, GRE1, Pre-Match, PAOK – Kerkira 0:1, 1 asian HT, 1.90, 40.0, bet365, 1-1, -40,
Soccer, 27/08 19:15, GRE1, Pre-Match, Panionios – Apollon, 1, 1.83, 20.0, stoiximan, 2-0, +16.6,
Soccer, 27/08 20:00, FRIE, Pre-Match, OFI – Omonia, 2, 2.10, 15.0, stoiximan, 1-1, -15,
Soccer, 27/08 20:00, CYP1, Pre-Match, Alki – Anorthosis, 2, 2.00, 15.0, bet365, 0-1, +15,
Soccer, 30/08 18:00, GRECUP, Pre-Match, Veria – Aiginiakos, X2, 1.75, 15.0, stoiximan, 2-1, -15,
Soccer, 09/09 11:00, GREU20, Live, 70′ Panionios – Panetolikos U20 0:0.25 (0-1), 1 asian, 1.95, 10.0, bet365, 0-2, -10,
Soccer, 09/09 18:00, GRE1, Live, 45′ Olympiakos – Apollon L. 1:0 (1-0), 2 asian, 1.85, 25.0, bet365, 1-1, 0,
Soccer, 09/09 18:00, CYP1, Live, 12′ Olympiakos – Apollon L. (0-0), 2 HT, 1.80, 10.0, bet365, 1-0, -10,
Soccer, 09/09 18:15, GRE1, Pre-Match, Atromito – PAS, over 1.75, 1.75, 20.0, pinnacle, 0-0, -20,
Soccer, 10/09 18:00, CYP1, Live, 75′ Anorthosi – Aris L (1-0), over 1.5, 1.95, 10.0, bet365, 1-0, -10,
Soccer, 10/09 18:00, CYP1, Live, 25′ Anorthosi – Aris L. 0:0.75 (0-0), 1 asian, 1.80, 15.0, bet365, 1-0, +6,
Soccer, 10/09 18:00, CYP1, Live, 10′ Omonia – Ethnikos 0:1.5 (0-0), 1 asian, 1.80, 20.0, bet365, 2-1, -20,
Soccer, 10/09 20:30, GRE1, Live, 65′ Kerkira – Panathinaikos (1-0), over 1.5, 1.75, 20.0, pinnacle, 1-0, -20,
Soccer, 11/09 12:00, GREU20, Live, 65′ Apollon Sm. – PAOK 0.75:0, 2 asian, 1.75, 15.0, bet365, 0-1, -15,
Soccer, 11/09 19:30, GRE1, Live, 12′ Apollon Sm. – PAOK (0-0), 2, 1.75, 20.0, bet365, 0-0, -20,
Soccer, 16/09 18:15, GRE1, Pre-Match, PAOK – Panetolikos/Lamia – AEK, 1/2, 1.96, 40.0, stoiximan, 1-0/0-1, +38.4,
Soccer, 16/09 19:00, CYP1, Live, 25′ Pafos – Omonia (0-0), 2, 1.72, 15.0, bet365, 2-1, -15,
Soccer, 17/09 18:15, GRE1, Pre-Match, Larisa – Atromitos, over 2, 1.93, 15.0, pinnacle, 0-0, -15,
Soccer, 19/09 16:00, GRECUP, Pre-Match, Aiginiakos – Apollon K., 2, 1.90, 15.0, bet365, 0-1, +13.5,
Soccer, 20/09 18:15, GRECUP, Live, 30′ PAOK – Levadiakos 0:1 (0-0), 1 asian, 1.75, 25.0, bet365, 2-1, 0,
Soccer, 21/09 18:15, GRECUP, Pre-Match, Kallithea – Apollon L., 2 DNB, 1.80, 15.0, bet365, 1-2, +12,
Soccer, 22/09 18:00, CYP1, Live, 30′ Aris L. -Apoel 1.5:0 (0-0), 2 asian, 1.80, 15.0, bet365, 0-0, -15,
Soccer, 23/09 11:00, GREU20, Live, 5′ AEK – Olympiakos U20 (1-0), under 4, 1.85, 10.0, bet365, 1-2, +8.5,
Soccer, 23/09 18:00, CYP1, Live, 87′ Omonia – Alki (2-2), over 4.5, 3.50, 5.0, bet365, 2-2, -5,
Soccer, 23/09 18:00, CYP1, Live, 80′ Omonia – Alki (1-2), over 3.5, 2.00, 10.0, bet365, 2-2, +10,
Soccer, 23/09 18:15, GRE1, Live, 7′ Atromitos – Lamia (0-0), 1, 1.95, 20.0, bet365, 3-0, +19,
Soccer, 23/09 19:00, CYP1, Live, 75′ AEL – Apollon L. (1-1), over 2.5, 2.00, 15.0, bet365, 1-1, -15,
Soccer, 23/09 19:00, CYP1, Pre-Match, AEL – Apollon L, 2 DNB, 2.00, 25.0, bet365, 1-1, 0,
Soccer, 23/09 20:30, GRE1, Live, 63′ Panetolikos – PAO (1-0), over 1.5, 1.73, 20.0, bet365, 2-0, +14.6,
Soccer, 23/09 20:30, GRE1, Pre-Match, Panetolikos – PAO, 1X, 1.90, 15.0, bet365, 2-0, +13.5,
Soccer, 24/09 18:15, GRE1, Pre-Match, Kerkira – Levadiakos, under 2, 1.90, 20.0, bet365, 1-1, 0,
Soccer, 24/09 20:30, GRE1, Pre-Match, AEK – Olympiakos, X, 3.20, 10.0, bet365, 3-2, -10,
Soccer, 26/09 16:00, CLY, Live, 50′ APOEL – Tottenham (1-0), 2, 1.80, 15.0, bet365, 1-0, -15,
Soccer, 28/09 17:00, FRIE, Live, 2′ Aiginiakos – Aris (0-1), under 6, 1.90, 10.0, bet365, 1-5, 0,
Soccer, 29/09 19:00, CYP2, Live, 12′ Anagennisi D. – Paralimni (1-0), X2, 2.20, 15.0, bet365, 2-3, +18,
Soccer, 30/09 18:15, GRE1, Live, 67′ Panathinaikos – PAS (2-0), over 2.5, 1.78, 10.0, bet365, 2-0, -10,
Soccer, 30/09 18:15, CYP1, Live, 68′ Pafos – Ermis Ar. (1-1), over 2.5, 1.78, 10.0, bet365, 2-1, +7.8,
Soccer, 30/09 18:15, GRE1, Pre-Match, Panathinaikos – PAS, PAO under 1.5, 1.82, 15.0, pamestoixima, 2-0, -15,
Soccer, 30/09 20:00, CYP1, Pre-Match, AEK L. – Anorthosi, X2, 2.2, 15.0, bet365, 1-1, +18,
Soccer, 30/09 20:30, GRE1, Live, 33′ Larisa – PAOK 0.75:0, 2 asian, 1.85, 10.0, bet365, 1-1, -10,
Soccer, 01/10 16:00, GRE3, Pre-Match, Proodeutiki – Ionikos/Kalamata – Axaiki, under 2.5, 2.37, 15.0, stoiximan, 1-0/1-0, +20.5,
Soccer, 01/10 16:00, GRE1, Pre-Match, Vlaxioti – Paniliakos/Ethnikos – Zeugolatio, 1X/1, 2.23, 15.0, stoiximan, 1-1/1-0, +18.4,
Soccer, 01/10 16:00, GRE3, Pre-Match, Makedonikos – Almopos/Amaliada – Palliksouriakos, 1/1, 2.40, 15.0, stoiximan, 1-3/4-1, -15,
Soccer, 01/10 16:00, GRE3, Pre-Match, Spata – Ag. Paraskeui/Aigaleo – Fostiras, 1/1, 3.08, 15.0, bet365, 3-0/1-0, +31.10,
Soccer, 01/10 16:00, GRE3, Pre-Match, Panargiakos – Xalkidia, 2 DNB, 4.25, 5.0, stoiximan, 1-2, +16.25,
Soccer, 01/10 16:00, GRE1, Live, 70′ Olympiakos – Atromitos (0-1), over 1.75, 1.85, 10.0, bet365, 0-1, -10,
Soccer, 01/10 16:00, GRE1, Live, 75′ Olympiakos – Atromitos (0-1), over 1.5, 1.75, 15.0, bet365, 0-1, -15,
Soccer, 01/10 20:00, CYP1, Live, 73′ Alki – APOEL (0-0), over 0.5, 1.73, 20.0, bet365, 0-1, +14.6,
Soccer, 01/10 20:30, CYP1, Live, 15′ Alki – APOEL 0.75:0 (0-0), 2 asian, 1.80, 10.0, bet365, 0-1, +4,
Soccer, 01/10 20:30, GRE1, Pre-Match, Tripoli – AEK, under 0.75 HT, 2.13, 15.0, bet365, 0-0, +16.95,
Soccer, 02/10 19:30, GRE1, Live, 1′ Lamia – Panionios (0-0), under 0.75 HT, 1.75, 10.0, bet365, 0-0, +7.5,
Soccer, 06/10 16:30, FRIE, Live, 1′ Kerkira – Doksa Dramas, under 3, 1.80, 10.0, bet365, 4-2, -10,
Soccer, 07/10 18:00, FRIE, Live, 5′ Panionios – Olympiakos L., 1/1, 2.00, 10.0, bet365, 1-0/1-0, +10,
Soccer, 07/10 21:45, WCQ, Pre-Match, Cyprus – Greece, 2, 1.72, 40.0, bet365, 1-2, +28.8,
Soccer, 08/10 16:00, GRE3, Pre-Match, Tilikratis – Thesprotos/Thiella R. – Spata, 1/2, 2.00, 15.0, bet365, 1-0/0-1, +15,
Soccer, 08/10 16:00, GRE3, Pre-Match, Kilkisiakos – Aris P. /Lagadas – Karitsa, 1/1, 2.42, 15.0, bet365, 0-0/4-0, -15,
Soccer, 08/10 16:00, GRE3, Pre-Match, sistima fl2, -, -, 25.0, bet365, , -25,
Soccer, 13/10 14:00, GREU20, Live, 23′ Panetolikos – Levadiakos U20 0:0.5 (0-1), 1 asian, 1.84, 15.0, pinnacle, 1-1, +12.6,
Soccer, 13/10 19:00, CYP2, Pre-Match, Paralimni – Thoi, 1, 1.80, 20.0, bet365, 1-0, +16,
Soccer, 14/10 14:00, GREU20, Pre-Match, Atromitos – Tripoli/ Pao – Larisa U20, 1-1/1, 2.87, 10.0, bet365, 2-1/0-0, -10,
Soccer, 14/10 18:15, GRE1, Live, 79′ Atromitos – Tripoli (1-0), over 1.5, 1.85, 10.0, bet365, 1-0, -10,
Soccer, 14/10 20:30, GRE1, Pre-Match, Panionios – Olympiakos, under 2.5, 1.75, 15.0, bet365, 3-4, -15,
Soccer, 15/10 16:00, GRE3, Pre-Match, Trikala Im. – Iraklis/Kavala – Sidiroxori, 2/1, 2.41, 15.0, stoiximan, 1-2/4-0, +21.15,
Soccer, 15/10 16:00, GRE3, Pre-Match, Proodeutetiki – Ethnikos/Ermis Zon. – Ilisiakos, under 2.5, 2.48, 10.0, stoiximan, 0-0/1-1, +14.8,
Soccer, 15/10 16:00, GRE3, Pre-Match, Kastoria – Filipiada/Kalamata – Varda, X2/1, 4.37, 10.0, stoiximan, 0-1/2-0, +33.7,
Soccer, 15/10 16:00, GRE1, Pre-Match, PAOK – Lamia, 1/2/3-0, 2.00, 20.0, stoiximan, 4-0, -20,
Soccer, 15/10 18:00, CYP1, Live, 22′ Ermis Ar. – Omonia 1:0 (1-0), 2 asian, 1.82, 10.0, pinnacle, 2-1, -10,
Soccer, 15/10 18:15, GRE1, Live, 70′ Panetolikos – Levadiakos (0-1), over 1.5, 1.75, 20.0, pinnacle, 0-1, -20,
Soccer, 15/10 18:15, GRE1, Live, 45′ Panetolikos – Levadiakos (0-0), 1, 1.89, 20.0, pinnacle, 0-1, -20,
Soccer, 15/10 18:15, GRE1, Pre-Match, Apollon Sm. – Kerkira, under 0.75 HT, 1.95, 10.0, bet365, 0-0, +9.5,
Soccer, 15/10 20:30, GRE1, Live, 66′ AEL – Pafos (0-0), over 0.5, 1.72, 15.0, bet365, 0-1, +10.8,
Soccer, 18/10 16:00, GRE3, Live, 75′ Axilleas F. – NPS Volos (0-3), over 3.5, 1.80, 10.0, stoiximan, 0-3, -10,
Soccer, 20/10 19:00, CYP2, Pre-Match, Othellos – Paraklisia, X2, 1.95, 15.0, bet365, 3-2, -15,
Soccer, 21/10 18:00, GRE1, Live, 68′ Omonia – AEL (0-0), over 0.5, 1.75, 20.0, bet365, 1-0, +14,
Soccer, 21/10 18:00, CYP1, Pre-Match, Alki – Doksa K. (0-0), over 1.75, 1.80, 15.0, bet365, 0-5, +12,
Soccer, 21/10 20:00, CYP1, Live, 74′ Ethnikos Axn. – Anorthosi (1-1), over 2.5, 2.00, 10.0, bet365, 1-2, +10,
Soccer, 22/10 16:00 22-10 16:00, GRE3 GRE3, Pre-Match, Ionikos – Ialisos Ilisiakos - Aigaleo, under 2.5 under 2.5, 1.53 1.53, 15.0, bet365, 1-1 3-0, -15,
Soccer, 22/10 16:00 22-10 16:00, GRE3 GRE3, Pre-Match, Amaliada – Pilos Almopos Ar - Langadas, 1 X2, 1.40 1.55, 15.0, bet365, 2-0 1-1, +17.25,
Soccer, 22/10 16:00, GRE1, Live, 50′ Asteras Tr. – Panionios (5-0 ck), race 9 Tripoli, 2.25, 10.0, bet365, 5-1, -10,
Soccer, 22/10 18:15, GRE1, Pre-Match, Apollon Sm. – Ksanthi, 2 DNB, 1.75, 25.0, pamestoixima, 2-0, -25,
Soccer, 22/10 19:00, CYP1, Live, 81′ Apollon L. – Aris L. (1-0), over 1.5, 2.20, 10.0, bet365, 1-0, -10,
Soccer, 22/10 20:30, GRE1, Live, 77′ OSFP – PAOK (1-0), over 1.5, 2.40, 10.0, bet365, 1-0, -10,
Soccer, 22/10 20:30, GRE1, Pre-Match, OSFP – PAOK, GG, 2.05, 15.0, bet365, 1-0, -15,
Soccer, 23/10 19:30, GRE1, Pre-Match, AEK – Atromitos 0:1.25, 2 asian, 1.90, 20.0, bet365, 0-1, +18,
Soccer, 24/10 17:15, GRECUP, Pre-Match, Karditsa – PAO 0.75:0 (1-0), 2 asian, 1.75, 15.0, bet365, 1-2, +11.25,
Soccer, 25/10 15:00, GRECUP, Pre-Match, Axarnaikos – OSFP, over 3.5 OSFP, 1.80, 15.0, bet365, 0-3, -15,
Soccer, 25/10 15:00, GRECUP, Pre-Match, Ergotelis – Ksanthi 0.75:0, 2 asian, 1.90, 20.0, bet365, 2-4, +18,
Soccer, 25/10 15:00, GRECUP, Live, 80′ Ergotelis – Ksanthi (2-3), over 5.5, 1.95, 10.0, bet365, 2-4, +9.5,
Soccer, 25/10 17:15, GRECUP, Live, 78′ Panetolikos – Panserraikos (1-0), over 1.5, 1.80, 15.0, bet365, 2-0, +12,
Soccer, 25/10 17:15, GRECUP, Pre-Match, Larisa – Panaxaiki, X2, 2.10, 25.0, stoiximan, 3-0, -25,
Soccer, 25/10 19:00, CYP1, Pre-Match, Aris L. – Ethnikos Axnas, under 2.5, 1.90, 15.0, bet365, 2-1, -15,
Soccer, 25/10 19:30, GRECUP, Live, 70′ Apollon K. – PAOK (0-0), over 0.5, 1.80, 15.0, bet365, 0-1, +12,
Soccer, 26/10 15:00 26-10 17:15, GRECUP GRECUP, Pre-Match, Trikala – Atromitos OFI - Platanias, X X, 3.20 3.10, 5.0, bet365, 1-1 1-0, -5,
Soccer, 26/10 16:00, GRE1, Pre-Match, Trikala – Atromitos, X, 3.20, 15.0, bet365, 1-1, +33,
Soccer, 26/10 17:15, GRECUP, Pre-Match, OFI – Platanias, X, 3.10, 15.0, bet365, 1-0, -15,
Soccer, 26/10 19:00, CYP1, Pre-Match, AEL L.-Olympiakos, noone to 3 goals, 1.72, 15.0, stoiximan, 3-0, -15,
Soccer, 26/10 19:30, GRECUP, Live, 5′ Apollon L. – AEK (0-0), under 3.5, 2.10, 15.0, bet365, 0-7, -15,
Soccer, 28/10 18:00 28-10 18:00, CYP1 CYP1, Live, 20′ Ethnikos – APOEL (1-0) 75' Ethnikos - APOEL (1-1) (15), 2 over 2.5, 1.80 1.75, 30.0, bet365, 1-1, -30,
Soccer, 28/10 20:00, CYP1, Pre-Match, Alki – AEK L., 2 & over 1.5, 1.80, 15.0, bet365, 0-1, -15,
Soccer, 29/10 16:00 30-10 15:00, GRE2 GRE2, Pre-Match, Veria – Apollon K. Panaxaiki - Trikala, 2 DNB under 2.5, 1.45 1.50, 15.0, stoiximan, 0-1 2-0, +17.62,
Soccer, 29/10 16:00 30-10 15:00, GRE2 GRE2, Pre-Match, Doksa Dramas – Karditsa Kissamikos - Karaiskakis, under 2.5 under 2.5, 1.58 1.65, 15.0, stoiximan, 2-0 1-0, +24.1,
Soccer, 29/10 17:15, GRE1, Pre-Match, Lamia – Platanias, X2, 1.74, 20.0, pinnacle, 2-0, -20,
Soccer, 29/10 19:00, CYP1, Live, 65′ Olympiakos L. – Nea Salamina (0-0), over 0.5, 1.75, 20.0, bet365, 1-1, +15,
Soccer, 29/10 19:30, GRE1, Live, 60′ Panionios – AEK (0-0), over 0.5, 1.75, 20.0, pinnacle, 0-1, +15,
Soccer, 29/10 19:30, GRE1, Pre-Match, Panionios – AEK, 1X, 1.98, 15.0, bet365, 0-1, -15,
Soccer, 04/11 17:15 04-11 17:15, GRE1 GRE1, Pre-Match, Atromitos – Panionios Atromitos - Panionios (10), under 0.75 HT X, 1.92 3.00, 20.0, bet365, 0-0 0-0, +29.2,
Soccer, 04/11 19:30, GRE1, Live, 63′ Tripoli – PAO (0-0), over 0.5, 2.00, 10.0, bet365, 1-0, +10,
Soccer, 05/11 14:00, GRE3, Pre-Match, Xalkida – Agia Paraskeui, X2, 2.80, 10.0, stoiximan, 0-0, +18,
Soccer, 05/11 15:00 05-11 15:00, GRE3 GRE3, Pre-Match, Aigaleo – Ermis Z. Pilos - Kalamata, 1 under 2.5, 1.40 1.50, 15.0, bet365, 2-0 0-0, +16.5,
Soccer, 05/11 15:00 05-11 15:00, GRE3 GRE3, Pre-Match, Skoutari – Kavala Orfani - Paralimnio, X2 2, 1.40 1.50, 15.0, bet365, 1-1 0-0, -15,
Soccer, 05/11 15:00 05-11 15:00, GRE2 GRE2, Pre-Match, Ergotelis – Kissamikos Ergotelis - Kissamikos (10), 1 over 2.5, 2.80 2.35, 20.0, bet365, 1-1, -20,
Soccer, 05/11 15:00, GRE2, Pre-Match, Aiginiakos – Doksa Dramas, 2, 1.80, 15.0, bet365, 0-2, +12,
Soccer, 05/11 15:00, GRE2, Live, 73′ Apollon L. – Veria (1-1), over 2.5, 1.80, 15.0, bet365, 1-3, +12,
Soccer, 05/11 15:00, GRE2, Pre-Match, Panegialios – Panserraikos, X2, 2.25, 15.0, stoiximan, 3-2, -15,
Soccer, 05/11 16:00, CYP1, Live, 23′ APOEL -Pafos 0:1 (0-0), 1 asian, 1.80, 10.0, bet365, 4-0, +8,
Soccer, 05/11 16:00, CYP1, Pre-Match, Nea Salamina – Ermis Ar., 1 DNB, 1.90, 10.0, bet365, 1-1, 0,
Soccer, 05/11 17:00, GRE1, Pre-Match, Kerkira – Larisa, 1-0/2-0/2-1/1-1, 2.15, 10.0, stoiximan, 1-1, 0,
Soccer, 05/11 17:15, CYP1, Pre-Match, AEK L. – Apollon L., GG, 1.90, 10.0, stoiximan, 1-1, +9,
Soccer, 08/11 15:00, GRE3, Pre-Match, Agrotikos Ast. – M. Al. Trikalon, over 2.5, 1.90, 15.0, bet365, 2-0, -15,
Soccer, 11/11 15:00, GRE2, Live, 22′ Doksa Dramas – Trikala 0:0.5, 2 asian, 1.93, 10.0, bet365, 0-0, +9.25,
Soccer, 12/11 11:00, CYPW, Live, 5′ Barcelona W – Apollon L. W (1-0), under 5, 1.85, 15.0, bet365, 1-1, +12.75,
Soccer, 12/11 15:00 12-11 15:00, GRE3, Pre-Match, Aigaleo – Irodotos Kalamata - Zakinthos, 1 DNB under 2.5, 1.73 1.62, 15.0, stoiximan, 1-2 2-0, -15,
Soccer, 12/11 15:00 12-11 15:00, GRE3, Pre-Match, Kiato – Rodos Aiolikos - Spata, X2 under 2.5, 1.75 1.50, 15.0, stoiximan, 1-2 0-2, +24.4,
Soccer, 12/11 15:00, GRE2, Pre-Match, Sparti – Apollon L. 0:1.75, 2 asian, 2.00, 10.0, bet365, 2-0, -5,
Soccer, 12/11 15:00, GRE2, Live, 20′ Sparti – Apollon L. (0-0), over 0.5 HT, 1.80, 10.0, pinnacle, 0-0, -10,
Soccer, 12/11 15:00, GRE2, Live, 50′ Panaxaiki – Ergotelis (1-1), over 3, 1.85, 10.0, bet365, 2-1, 0,
Soccer, 12/11 15:00, GRE2, Live, 50′ Aris – Kallithea 0:1 (1-0), 1 asian, 1.85, 15.0, bet365, 2-0, 0,
Soccer, 12/11 15:00, GRE2, Live, 80′ Sparti-Apollon L. (2-0), over 2.5, 2.00, 15.0, bet365, 2-0, -15,
Soccer, 17/11 19:00, CYP2, Pre-Match, Zakaki – Anagenisi D., 2 DNB, 1.90, 15.0, bet365, 0-2, +13.5,
Soccer, 18/11 11:00, GREU20, Pre-Match, Olympiakos – Levadiakos U20 0:1.5, 1 asian, 1.85, 25.0, bet365, 1-0, -25,
Soccer, 18/11 15:00, GRE1, Live, 80′ Lamia – Kerkira (1-1), over 2.5, 1.70, 14.0, bet365, 1-1, -14,
Soccer, 18/11 15:00 18-11 15:00, GRE2 GRE1, Pre-Match, Trikala – OFI Lamia - Kerkira, under 2.5 under 2.5, 1.65 1.44, 10.0, bet365, 0-0 1-1, +13.75,
Soccer, 18/11 17:15 18-11 17:15 18-11 17:15 18-11 17:15, GRE1 GRE1 GRE1 GRE1, Pre-Match, Larisa – Apollon Sm. (5.9) Larisa - Apollon Sm. (3.5) Larisa - Apollon Sm. (3.1) Larisa - Apollon Sm. (2.5), 1-0 2-0 2-1 1-1, 5.5 9.00 10.00 6.00, 15.0, stoiximan, 1-0, +17.45,
Soccer, 18/11 19:30, GRE1, Live, 78′ Olympiakos – Levadiakos (1-1), over 2.5, 1.73, 20.0, pinnacle, 2-1, +14.6,
Soccer, 18/11 19:30, GRE1, Pre-Match, Olympiakos – Levadiakos, Oly win to nil, 1.85, 20.0, stoiximan, 2-1, -20,
Soccer, 19/11 14:30, CYP2, Pre-Match, Ethnikos Assias – Asil L., 2 DNB, 1.72, 15.0, bet365, 0-3, +10.8,
Soccer, 19/11 15:00 19-11 15:00, GRE2 GRE2, Pre-Match, Apollon K. – Karditsa Karaiskakis - Sparti, under 2.5 under 2.5, 1.60 1.57, 15.0, bet365, 2-0 2-1, -15,
Soccer, 19/11 15:00 19-11 15:00 19-11 15:00 19-11 15:00, GRE2 GRE2 GRE2 GRE2, Pre-Match, Ergotelis – Aris (15) 43'Ergo-Aris 0.5:0 (2-0) (15) 60'Ergo-Aris 0.5:0 (2-1) (15) 75' Ergotelis - Aris (2-2) (15), over 2.25 2 asian 2 asian over 4.5, 1.87 1.90 1.85 1.80, 60.0, bet365, 2-3, +51.3,
Soccer, 19/11 15:00 19-11 15:00, GRE3 GRE3, Pre-Match, Ermis Am. – Leukimi AE Mylopotamou - Ermis, 1X 1 DNB, 1.60 1.83, 15.0, bet365, 2-1 1-1, +9,
Soccer, 19/11 19:30, GRE1, Pre-Match, PAO – AEK, X, 3.00, 10.0, bet365, 1-1, +20,
Soccer, 20/11 19:30, GRE1, Live, 67′ PAOK – Atromitos (1-1), over 2.5, 1.90, 15.0, bet365, 2-1, +13.5,
Soccer, 25/11 14:30, CYP2, Pre-Match, Xalkanoras – PAEEK 0.75:0, 2 asian, 1.83, 15.0, bet365, 3-5, +12.45,
Soccer, 25/11 15:00, GRE2, Pre-Match, Panserraikos – Karaiskakis, 1X, 1.80, 20.0, bet365, 2-0, +16,
Soccer, 25/11 15:00, GRE2, Pre-Match, Panserraikos – Karaiskakis, 1 DNB, 2.75, 10.0, bet365, 2-0, +17.5,
Soccer, 25/11 15:00, GRE2, Live, 15′ Karditsa – Apollon L. (0-0), 1, 1.80, 15.0, bet365, 2-0, +12,
Soccer, 25/11 15:00, GRE1, Live, 30′ PAS – Ksanthi 0:0.5 (0-0), 2 asian, 1.89, 10.0, pinnacle, 1-1, +8.9,
Soccer, 25/11 17:15, GRE1, Live, 58′ Apollon Sm. – Lamia (0-0), over 0.5, 1.89, 15.0, pinnacle, 1-1, +13.35,
Soccer, 25/11 17:15, GRE1, Live, 70′ Apollon Sm. – Lamia (0-0), 1, 4.00, 5.0, pinnacle, 1-1, -5,
Soccer, 26/11 11:00, GREU20, Pre-Match, Asteras Tr. – Levadiakos U20 0:0.75, 1 asian, 1.90, 15.0, bet365, 1-1, -15,
Soccer, 26/11 17:00 26-11 17:00 26-11 17:00 26-11 17:00, GRE1 GRE1 GRE1 GRE1, Pre-Match, Panionios – PAOK (7.2) Panionios - PAOK (5.2) Panionios - PAOK (4.5) Panionios - PAOK (3.1), 0-1 0-2 1-2 1-1, 5.80 8.00 9.00 6.50, 20.0, bet365, 2-2, -20,
Soccer, 26/11 17:00 25-11 17:00, CYP1 CYP1, Pre-Match, Doksa K. – Omonia APOEL - Olympiakos L., 2 1, 1.67 1.11, 25.0, bet365, 1-2 6-1, +21.34,
Soccer, 26/11 17:00, CYP1, Live, 73′ Doksa – Omonia (1-2), over 3.5, 1.85, 10.0, bet365, 1-2, -10,
Soccer, 26/11 17:15, GRE1, Live, 76′ Panionios – PAOK (1-1), over 2.5, 1.70, 15.0, bet365, 2-2, +10.5,
Soccer, 26/11 17:15, GRE1, Pre-Match, Panetolikos- Larisa, 1, 2.00, 25.0, stoiximan, 3-1, +25,
Soccer, 28/11 15:00 28-11 15:00, GRECUP GRECUP, Pre-Match, OFI – Apollon Sm. (7) OFI - Apollon Sm. (3), 1-2 2-3, 9.00 19.00, 10.0, bet365, 2-1, -10,
Soccer, 28/11 15:00, GRECUP, Live, 82′ OFI – Apollon Sm (1-1), over 2.5, 1.90, 25.0, bet365, 2-1, +22.5,
Soccer, 28/11 15:00, GRECUP, Live, 76′ OFI – Apollon Sm (0-1), over 1.5, 1.80, 10.0, bet365, 2-1, +8,
Soccer, 28/11 15:00, GRECUP, Live, 10′ Sparti – Atromitos 1.5:0 (0-0), 2 asian HT, 2.10, 10.0, bet365, 0-3, +11,
Soccer, 28/11 17:15, GRECUP, Live, 15′ Panserraikos – Ksanthi 0.75:0, 2 asian, 1.80, 10.0, bet365, 1-2, +4,
Soccer, 28/11 17:15, GRECUP, Live, 75′ Panserraikos – Ksanthi (0-2), over 2.5, 1.75, 10.0, bet365, 1-2, +7.5,
Soccer, 28/11 17:15, GRECUP, Live, 78′ Apollon L. – Lamia (0-2), over 2.5, 1.85, 15.0, bet365, 0-2, -15,
Soccer, 28/11 19:30, GRECUP, Pre-Match, Aris – PAS, 2 DNB, 1.85, 15.0, bet365, 1-1, 0,
Soccer, 29/11 15:00, CYPCUP, Live, 15′ Olympiakos L – Anagenisi D. 0:0.75 (0-0), 1 asian, 1.75, 15.0, bet365, 3-0, +11.25,
Soccer, 29/11 15:00, GRECUP, Live, 20′ Aiginiakos – PAOK 1.25:0 (0-1), 2 asian HT, 1.80, 10.0, bet365, 0-1, -10,
Soccer, 29/11 17:15, GRECUP, Live, 10′ Trikala – Kerkira (0-0), Trikala to qualify, 1.44, 20.0, bet365, yes, +8.8,
Soccer, 29/11 17:15, GRECUP, Live, 80′ Kissamikos – OSFP (1-1), over 2.5, 2.10, 10.0, bet365, 1-1, -10,
Soccer, 30/11 15:00, GRECUP, Live, 25′ Ergotelis – Panetolikos 1:0 (0-0), 2 asian, 1.85, 15.0, bet365, 0-5, +12.75,
Soccer, 30/11 15:00, GRECUP, Live, 25′ Ergotelis – Panetolikos 1:0 (0-0), 2 HT, 1.80, 15.0, bet365, 0-1, +12,
Soccer, 01/12 14:00, GRE1, Pre-Match, Olympiakos – Apollon Sm. U20, 1/1, 1.83, 15.0, bet365, 3-1/5-1, +12.45,
Soccer, 02/12 15:00, GRE1, Pre-Match, Asteras Tr. – Kerkira, X2, 2.15, 15.0, bet365, 4-0, -15,
Soccer, 02/12 15:00, CYP2, Pre-Match, Ethnikos Assias – Thoi, 2 DNB, 1.83, 10.0, bet365, 2-2, 0,
Soccer, 02/12 15:00, CYP2, Live, 1′ Zakaki – Othellos, 2 DNB, 2.05, 10.0, bet365, 1-0, -10,
Soccer, 02/12 17:00, CYP1, Live, 80′ APOEL – Ermis (1-1), 1, 1.80, 15.0, bet365, 2-1, +12,
Soccer, 02/12 18:00, CYP1, Live, 60′ Alki – Ethnikos (1-1), X2, 1.80, 15.0, bet365, 2-1, -15,
Soccer, 02/12 19:30, GRE1, Live, 50′ Olympiakos – Apollon Sm. (5-1 ck), over 11 ck, 1.85, 10.0, bet365, 8-1, -10,
Soccer, 03/12 15:00, GRE2, Live, 35′ Karaiskakis – Karditsa 0:0.25 (1-1), 1 asian, 2.00, 10.0, bet365, 3-1, +10,
Soccer, 03/12 15:00 03-12 15:00, GRE3 GRE3, Pre-Match, Lagadas – Iraklis Skoutari - Orfani, 2 1, 1.50 1.80, 10.0, stoiximan, 1-0 2-1, -10,
Soccer, 03/12 15:00 03-12 15:00, GRE3 GRE3, Pre-Match, Astir Vlaxioti – Diagoras V. Kalamata - Panarkadikos, under 2.5 under 2.5, 1.65 1.65, 10.0, stoiximan, 3-2 0-0, -10,
Soccer, 03/12 17:15, GRE1, Live, 65′ Larisa – PAS (1-1), over 2.5, 1.80, 15.0, pinnacle, 1-1, -15,
Soccer, 03/12 19:30, GRE1, Pre-Match, Levadiakos – AEK 0.75:0, 1 asian, 1.85, 20.0, bet365, 0-2, -20,
Soccer, 04/12 15:00, GRE2, Live, 7′ Ergotelis – OFI (0-0), over 2.5, 1.80, 15.0, bet365, 2-4, +12,
Soccer, 04/12 19:00, CYP1, Pre-Match, AEK L. -Omonia, GG, 2.12, 15.0, stoiximan, 5-0, -15,
Soccer, 04/12 19:30, GRE1, Live, 75′ Platanias – Atromitos (1-2), over 3.5, 2.25, 15.0, pinnacle, 1-3, +18.75,
Soccer, 04/12 19:30, GRE1, Live, 62′ Platanias – Atromitos (1-1), over 2.5, 1.80, 15.0, pinnacle, 1-3, +12,
Soccer, 09/12 11:30, GREU20, Live, 75′ Panionios – Platanias U20 (3-3), over 6.5, 1.80, 10.0, bet365, 4-3, +8,
Soccer, 09/12 14:30 09-12 14:30, CYP2 CYP2, Pre-Match, Xalkanoras – Karmiotisa Othellos - Ethnikos Assias, over 2.5 1, 1.60 1.3, 10.0, bet365, 1-4 1-0, +11.28,
Soccer, 09/12 15:00, GRE2, Live, 4′ OFI – Panaxaiki (0-1), under 3.5, 1.88, 15.0, bet365, 1-2, +13.2,
Soccer, 09/12 17:00, CYP1, Pre-Match, Ermis Ar. – Doksa K., over 2.5, 1.95, 10.0, stoiximan, 1-2, +9.5,
Soccer, 09/12 17:00, CYP1, Pre-Match, Ermis Ar. – Doksa K., 1, 2.40, 10.0, bet365, 1-2, -10,
Soccer, 09/12 17:00, CYP1, Live, 10′ Pafos – Axna (0-0), 1 HT, 2.00, 10.0, stoiximan, 0-0, -10,
Soccer, 09/12 17:15, GRE1, Live, 66′ Panionios – Platanias (1-1), over 2.5, 1.80, 15.0, bet365, 2-1, +12,
Soccer, 09/12 19:00, CYP1, Live, 45′ Anorthosi – Alki 0:0.75 (0-0), 1 asian, 1.80, 15.0, bet365, 2-1, +6,
Soccer, 09/12 19:30, GRE1, Pre-Match, Panetolikos – Olympiakos, GG, 2.08, 10.0, stoiximan, 1-4, +10.8,
Soccer, 10/12 00:00, GRE2, Live, 45′ Trikala -Apollon L. 0:1 (1-1), 1 asian, 1.75, 15.0, bet365, 3-1, +11.25,
Soccer, 10/12 15:00, GRE1, Pre-Match, Apollon Sm. – Asteras Tr., X, 3.00, 10.0, pinnacle, 1-3, -10,
Soccer, 10/12 15:00 10-12 12:00, GRE2 GREU20, Pre-Match, Doksa Dramas – Aris AEK - Kerkira U20, 1X 1, 1.50 1.50, 15.0, bet365, 1-2 7-1, -15,
Soccer, 10/12 15:00, GRE2, Live, 17′ Panserraikos – Veria (0-0), over 2.5, 2.00, 10.0, bet365, 1-0, -10,
Soccer, 10/12 15:00, GRE2, Live, 17′ Panserraikos – Veria (0-0), 1 asian, 1.80, 20.0, bet365, 1-0, +16,
Soccer, 10/12 17:00, CYP1, Live, 73′ Olympiakos L. – AEK (1-2), over 3.5, 1.70, 15.0, bet365, 1-2, -15,
Soccer, 13/12 15:00, GRE3, Live, 78′ Karitsa – Kampaniakos (0-0), over 0.5, 2.70, 10.0, stoiximan, 0-0, -10,
Soccer, 15/12 19:00, CYP2, Live, 25′ ASIL – Anagenisi D. (2-1), X2, 2.10, 15.0, bet365, 2-2, +16.5,
Soccer, 16/12 15:00 17-12 15:00, GRE2 CYP1, Pre-Match, Karaiskakis – Trikala Apollon L. - Olympiakos L., under 2.5 1, 1.62 1.14, 15.0, bet365, 0-1 5-0, +12.7,
Soccer, 16/12 15:00, GRE2, Pre-Match, Sparti – Panserraikos, over 2.5, 2.05, 15.0, bet365, 1-0, -15,
Soccer, 16/12 15:00, CYP2, Live, 73′ Ethnikos – Paralimni (0-0), over 0.5, 1.75, 10.0, bet365, 0-1, +7.5,
Soccer, 16/12 15:00, CYP2, Live, 86′ Karmiotisa – PAEEK (1-1), over 2.5, 2.85, 5.0, bet365, 1-2, +9.25,
Soccer, 16/12 15:00, CYP2, Live, 20′ Karmiotisa – PAEEK (0-1), 1X, 1.75, 15.0, bet365, 1-2, -15,
Soccer, 16/12 15:00, GRE2, Live, 77′ Doksa Dramas – Kissamikos (1-1), over 2.5, 2.25, 15.0, bet365, 1-1, -15,
Soccer, 16/12 16:00, CYP1, Live, 80′ Aris L. – Anorthosi (0-1), over 1.5, 2.10, 10.0, bet365, 0-2, +11,
Soccer, 16/12 17:00, CYP1, Live, 77′ Ethnikos – Omonia (2-2), over 4.5, 1.75, 15.0, bet365, 2-2, -15,
Soccer, 16/12 19:30, GRE1, Pre-Match, Platanias – PAOK 0.75:0, 2 asian HT, 1.75, 10.0, bet365, 0-0, -10,
Soccer, 17/12 15:00, GRE2, Pre-Match, Veria – Karditsa, under 2.5, 1.70, 15.0, bet365, 1-0, +10.5,
Soccer, 17/12 15:00, GRE3, Live, 30′ Rodos – Ionikos (0-0), 1, 1.95, 15.0, bet365, 0-0, -15,
Soccer, 17/12 15:00, GRE1, Live, 80′ Ergotelis – Apollon K. (1-1), over 2.5, 2.15, 10.0, bet365, 1-1, -10,
Soccer, 17/12 17:15, GRE1, Live, 7′ AsterasTr. – Panetolikos (0-0), over 2, 1.85, 20.0, bet365, 0-0, -20,
Soccer, 17/12 17:15, GRE2, Pre-Match, Kallithea – Apollon L. X2, X2, 1.90, 20.0, bet365, 0-1, +18,
Soccer, 17/12 19:30, GRE1, Pre-Match, Ksanthi – Panathinaikos, 1 DNB, 1.74, 20.0, pinnacle, 1-1, 0,
Soccer, 20/12 15:00, GRE2, Pre-Match, Apollon L. – Ergotelis, over 2.5, 2.15, 15.0, bet365, 3-2, +17.25,
Soccer, 20/12 15:00, GRE2, Live, 15′ Aiginiakos – Veria (0-0), 1, 2.00, 10.0, stoiximan, 1-1, -10,
Soccer, 20/12 15:00, GRE2, Live, 73′ Apollon L. – Ergotelis (3-2), over 5.5, 1.78, 15.0, bet365, 3-2, -15,
Soccer, 20/12 17:00, CYP1, Pre-Match, Olympiakos L. – Ethnikos, 2 DNB, 2.25, 10.0, bet365, 3-2, -10,
Soccer, 20/12 19:30, GRECUP, Pre-Match, Panetolikos – AEK 1:0, 1 asian, 1.73, 25.0, bet365, 0-4, -25,
Soccer, 21/12 15:00, GRECUP, Live, 21′ Panionios – OFI 0:0.75, 1 asian, 1.83, 20.0, bet365, 2-0, +16.6,
Soccer, 02/01 17:00 02-01 17:00, CYP1 CYP1, Live, 45′ Doxa K. – Anorthosi (0-0) 70' Doxa K. - Anorthosi (0-0) (5), 1 2, 1.80 2.10, 15.0, bet365, 0-0, -15,
Soccer, 03/01 17:00, CYP1, Live, 40′ APOEL – Aris L. 0:1.25 (2-2), 1 asian, 1.80, 15.0, bet365, 5-2, +12,
Soccer, 06/01 14:30, CYP2, Live, 73′ Xalkanoras – Ethnikos (0-0), over 0.5, 1.72, 15.0, bet365, 1-0, +10.8,
Soccer, 06/01 15:00, GRE2, Pre-Match, Veria – Trikala, 2, 1.90, 20.0, bet365, 0-1, +18,
Soccer, 06/01 15:00, GRE1, Live, 45′ Panionios – Kerkira (3-1 ck), race 9 ck Pani, 1.80, 15.0, bet365, 5-1, -15,
Soccer, 06/01 15:00, GRE1, Live, 68′ Panionios – Kerkira (2-1), over 3.5, 1.80, 20.0, bet365, 3-1, +16,
Soccer, 06/01 17:00 06-01 17:00, CYP1 CYP1, Pre-Match, Ermis – Pafos 0:0.5 (10) Ermis - Pafos, 1 asian 1, 2.15 2.25, 25.0, bet365, 2-0, +30.25,
Soccer, 06/01 17:15, GRE1, Pre-Match, PAOK – Levadiakos, 1 & under 3.5, 1.83, 10.0, stoiximan, 5-0, -10,
Soccer, 06/01 19:00, CYP1, Live, 78′ Salamina – Apollon L. (0-0), over 0.5, 1.77, 15.0, pinnacle, 0-0, -15,
Soccer, 07/01 11:30, GREU19, Live, 1′ Veria – Apollon K. U19 0.25:0 (0-0), 2 asian, 1.80, 15.0, bet365, 0-5, +12,
Soccer, 07/01 14:30, CYP2, Live, 72′ Agia Napa – Karmiotisa (2-2), over 4.5, 1.75, 15.0, bet365, 4-3, +11.25,
Soccer, 07/01 15:00, GRE2, Live, 75′ Karaiskakis – Ergotelis (2-1), over 2.5, 1.75, 20.0, bet365, -20, -20,
Soccer, 07/01 15:00, GRE2, Live, 45′ Doksa Dramas – Panegialios (0-0), 1, 1.95, 15.0, stoiximan, 0-0, -15,
Soccer, 07/01 15:00, GRE2, Live, 2′ Sparti -Aiginiakos (0-0), over 2.5, 1.90, 20.0, pinnacle, 1-0, -20,
Soccer, 07/01 17:15, GRE1, Pre-Match, PAS – Asteras Tr., over 2, 1.97, 10.0, bet365, 0-0, -10,
Soccer, 07/01 19:30, CYP1, Pre-Match, (GRE1) 20′ AEL – Olympiakos 0.75:0 (0-0), 2 asian, 1.82, 20.0, pinnacle, 0-3, +16.4,
Soccer, 08/01 19:00, CYP1, Pre-Match, Aris L. – Doksa K., 1, 2.80, 15.0, bet365, 1-0, +27,
Soccer, 08/01 19:00, CYP1, Pre-Match, Aris L. – Doksa K., 1 DNB, 1.97, 10.0, pinnacle, 1-0, +9.7,
Soccer, 09/01 15:00, GRECUP, Live, 76′ OFI – Panionios (0-1), over 1.5, 2.10, 10.0, bet365, 0-1, -10,
Soccer, 09/01 15:00, GRECUP, Pre-Match, OFI – Panionios 0.75:0, 2 asian, 2.00, 15.0, bet365, 0-1, +7.5,
Soccer, 10/01 17:00, CYPCUP, Live, 12′ PAEEK – Karmiotisa 0.75:0 (1-0), 2 asian, 1.82, 15.0, bet365, 5-1, -15,
Soccer, 10/01 19:00, CYP1, Pre-Match, Pafos – Apollon L. 1.75:0, 2 asian, 1.70, 25.0, bet365, 0-2, +8.75,
Soccer, 12/01 19:30, CYP2, Live, 73′ Othellos – Asil (0-0), over 0.5, 1.75, 10.0, bet365, 1-0, +7.5,
Soccer, 13/01 17:15, GRE1, Pre-Match, Apollon Sm. – Panionios 0.25:0, 1 asian, 1.80, 15.0, bet365, 1-1, +6,
Soccer, 14/01 15:00 14-01 15:00, GRE3 GRE3, Pre-Match, Atsalenios – Ermis Z. Aetos Orf. - Karperi, 1 1, 1.83 1.40, 10.0, bet365, 0-0 4-2, -10,
Soccer, 14/01 15:00 14-01 15:00, GRE3 GRE3, Pre-Match, Paniliakos – Vlaxioti Pierikos - Naousa, X2 1 DNB, 1.73 1.62, 10.0, bet365, 1-1 2-2, +7.3,
Soccer, 14/01 15:00, GRE3, Pre-Match, Ksiropotamos – Skoutari, 1, 2.90, 10.0, stoiximan, 1-0, +19,
Soccer, 14/01 15:00 14-01 15:00, GRE2 GRE2, Pre-Match, Trikala – Sparti Kissamikos - Karditsa, 1 1, 1.44 1.66, 20.0, bet365, 2-1 1-0, +27.8,
Soccer, 14/01 15:00, CYP1, Pre-Match, Doksa K. – APOEL 0.5:0 (0-1), 1.85, 2 asian HT, 15.0, pinnacle, 0-4, +14.12,
Soccer, 14/01 15:00, GRE1, Live, 65′ Kallithea – Veria (1-1), over 2.5, 1.80, 10.0, bet365, 1-1, -10,
Soccer, 14/01 15:00, GRE1, Pre-Match, Olympiakos – Lamia U20, 1/1, 1.83, 10.0, bet365, 1-0/2-1, +8.3,
Soccer, 14/01 17:15, GRE1, Live, 63′ Asteras Tr. – AEL (1-1), over 2.5, 1.80, 15.0, pinnacle, 3-1, +12,
Soccer, 14/01 17:15, CYP1, Live, 75′ Apollon L. – Anorthosi (1-1), over 2.5, 2.00, 10.0, bet365, 1-1, -10,
Soccer, 14/01 19:30, GRE1, Pre-Match, AEK – PAS, under 2.75, 1.90, 15.0, bet365, 3-1, -15,
Soccer, 15/01 17:00, CYP1, Live, 1′ Alki – Olympiakos L. (0-0), X, 3.60, 10.0, bet365, 1-1, +26,
Soccer, 17/01 15:00, GRE3, Live, 64′ Almopos Ar. – Iraklis (0-0), over 0.5, 1.80, 10.0, stoiximan, 0-1, +8,
Soccer, 17/01 19:00, CYP1, Live, 22′ Apollon L. – Omonia (0-0), over 2.5, 2.00, 10.0, bet365, 1-0, -10,
Soccer, 19/01 19:00, CYP2, Live, 71′ Omonia Ar. – PAEEK (1-1), over 2.5, 1.75, 15.0, bet365, 1-1, -15,
Soccer, 20/01 14:30, CYP2, Pre-Match, ASIL – Paralimni, 2 DNB, 1.83, 15.0, bet365, 0-1, +12.45,
Soccer, 20/01 15:00, GRE1, Live, 60′ Platanias – Levadiakos (0-0), over 0.5, 1.70, 15.0, bet365, 1-0, +10.5,
Soccer, 20/01 15:00, GRE1, Live, 70′ Platanias – Levadiakos (0-0), over 0.5, 2.05, 10.0, bet365, 1-0, +10.05,
Soccer, 20/01 17:00, GRE1, Live, 70′ AEL – Omonia (2-2), over 4.5, 1.75, 15.0, bet365, 2-3, +11.25,
Soccer, 20/01 17:15, GRE1, Pre-Match, PAO – Kerkira 0:1.5, 2 asian, 1.83, 15.0, bet365, 4-0, -15,
Soccer, 21/01 15:00 21-01 15:00, GRE2 GRE2, Pre-Match, Veria – Ergotelis OFI - Apollon K., X2 under 2.5, 1.62 1.66, 15.0, bet365, 0-2 3-1, -15,
Soccer, 21/01 15:00, GRE2, Pre-Match, Panserraikos – Trikala, 2, 1.80, 20.0, bet365, 1-1, -20,
Soccer, 21/01 15:00, GRE2, Live, 15′ Doksa Dramas – Apollon L 0:0.75 (0-0), 1 asian, 1.90, 20.0, bet365, 2-2, -20,
Soccer, 21/01 17:15, GRE1, Live, 70′ Panetolikos – Panionios (1-0), over 1.5, 2.10, 10.0, bet365, 1-1, +11,
Soccer, 21/01 18:00, CYP1, Live, 77′ Aris L. – Apollon L. (0-1), over 1.5, 1.70, 15.0, bet365, 0-1, -15,
Soccer, 22/01 19:00, CYP1, Pre-Match, Ermis Ar. – Olympiakos L., 1, 1.85, 15.0, bet365, 4-0, +12.75,
Soccer, 24/01 18:00, CYP1, Pre-Match, APOEL – Apollon L., X, 3.30, 10.0, bet365, 0-4, -10,
Soccer, 27/01 11:00, GREU19, Pre-Match, Veria – Aiginiakos U19, over 3.25, 1.97, 10.0, bet365, 2-0, -10,
Soccer, 27/01 14:30, CYP2, Live, 80′ Karmiotissa – Ethnikos Assias (0-0), over 0.5, 1.90, 10.0, bet365, 1-1, +9,
Soccer, 27/01 14:30, CYP2, Live, 80′ Xalkanoras – ASIL (1-2), over 3.5, 2.30, 10.0, bet365, 1-2, -10,
Soccer, 27/01 14:30, CYP2, Pre-Match, Xalkanoras – ASIL, 2, 2.10, 15.0, bet365, 1-2, +16.5,
Soccer, 27/01 15:00, GRE1, Pre-Match, (GRE1) Apollon Sm – PAO 0.25:0, 1 asian, 1.75, 25.0, bet365, 0-0, +9.37,
Soccer, 27/01 15:00, GRE2, Live, 30′ Trikala – Karditsa 0:1 (0-0), 1 asian, 1.75, 20.0, bet365, 1-1, -20,
Soccer, 27/01 15:00, GRE2, Live, 68′ Trikala – Karditsa (0-0), over 0.5, 1.80, 15.0, bet365, 1-1, +12,
Soccer, 27/01 19:30, EPL, Live, 23′ AEK – Lamia (0-0), 1 HT, 1.85, 10.0, bet365, 1-0, +8.5,
Soccer, 28/01 15:00, GRE1, Live, 68′ Panetolikos – PAOK (0-0), over 0.5, 1.78, 20.0, pinnacle, 0-1, +15.6,
Soccer, 28/01 15:00, GRE2, Live, 66′ Apollon L. – OFI (0-0), over 0.5, 1.80, 15.0, bet365, 1-0, +12,
Soccer, 28/01 15:00, GRE1, Live, 10′ Panetolikos – PAOK 0.75:0 (0-0), 1 asian, 1.85, 15.0, pinnacle, 0-1, +6.37,
Soccer, 28/01 15:00, GRE2, Live, 10′ Apollon K. – Panegialios (0-0), 1 HT, 1.93, 10.0, stoiximan, 2-1, +9.3,
Soccer, 28/01 17:15, GRE1, Live, 15′ Panionios – PAS (0-0), over 1.5, 2.00, 10.0, pinnacle, 0-1, -10,
Soccer, 28/01 17:15, GRE1, Live, 1′ Ksanthi – Levadiakos (0-0), 1, 1.95, 15.0, bet365, 2-1, +14.25,
Soccer, 28/01 19:30, GRE1, Live, 70′ Asteras Tr. – Olympiakos (1-1), over 2.5, 1.80, 20.0, bet365, 1-1, -20,
Soccer, 28/01 19:30, GRE1, Live, 5′ Asteras Tr. – Olympiakos (0-0), 2, 1.80, 25.0, pinnacle, 1-1, -25,
Soccer, 29/01 15:00, GREU19, Pre-Match, Karaiskakis – Aris U19, 2, 1.72, 10.0, bet365, 0-1, +7.2,
Soccer, 31/01 15:00, GRE2, Live, 1′ Karditsa – Kallithea 0:1 (0-0), 2 asian, 1.82, 15.0, bet365, 2-1, 0,
Soccer, 31/01 15:00, GRE2, Live, 10′ Panserraikos – Ergotelis 0:0.5 (0-0), 1 asian, 2.00, 15.0, bet365, 0-1, -15,
Soccer, 31/01 15:00, GRE2, Live, 65′ Aiginiakos – Trikala (0-0), over 0.5, 1.82, 10.0, bet365, 0-0, -10,
Soccer, 31/01 15:00, GRE2, Live, 66′ Panserraikos – Ergotelis (0-0), over 0.5, 1.80, 10.0, bet365, 0-1, +8,
Soccer, 31/01 17:00, GRE2, Live, 72′ Veria – Aris (0-0), 2, 2.60, 10.0, bet365, 0-1, +16,
Soccer, 02/02 15:00, CYP2, Live, 73′ Omonia Ar. – Karmiotissa (1-1), over 2.5, 1.80, 15.0, bet365, 1-3, +12,
Soccer, 03/02 12:00, GREU19, Live, 71′ Aris – Veria U19 0:0.75 (3-1), 1 asian, 1.95, 10.0, bet365, 5-1, +9.5,
Soccer, 03/02 14:30, CYP2, Live, 75′ Asil – PAEEK (0-0), over 0.5, 2.20, 10.0, bet365, 0-0, -10,
Soccer, 03/02 15:00, GRE2, Pre-Match, Veria – Doksa Dramas, 2, 1.90, 20.0, bet365, 0-2, +18,
Soccer, 03/02 17:15, GRE1, Live, 65′ AEL – Panionios (0-0), over 0.5, 2.00, 10.0, bet365, 0-0, -10,
Soccer, 04/02 15:00 04-02 15:00, GRE3 GRE3, Pre-Match, PAO Vardas – Kalamata Agrotikos Ast. - Aris P., 1 DNB 2, 1.82 2.17, 5.0, stoiximan, 4-3 1-1, -5,
Soccer, 04/02 15:00, GRE2, Pre-Match, Apollon L. – Apollon K. 0:0.25, 2 asian, 1.80, 15.0, bet365, 1-0, -15,
Soccer, 04/02 15:00, GRE1, Pre-Match, PAS – PAOK, 2 & over 1.5, 1.95, 15.0, bet365, 1-3, +14.25,
Soccer, 04/02 17:15, GRE1, Pre-Match, Levadiakos – Kerkira, X2, 2.05, 15.0, bet365, 2-0, -15,
Soccer, 05/02 19:30, GRE1, Live, 61′ Platanias – Apollon Sm. (0-0), over 0.5, 2.25, 10.0, pinnacle, 1-1, +12.50,
Soccer, 06/02 17:00, CYP1, Pre-Match, Aris-Paphos 0:0, 1 asian, 1.84, 20.0, pinnacle, 0-6, -20,
Soccer, 08/02 19:30, GRECUP, Live, 30′ Atromitos – PAOK (0-0), over 1.5, 1.90, 15.0, bet365, 1-3, +13.5,
Soccer, 09/02 19:00, CYP2, Live, 83′ Paralimni – Othellos (1-1), over 2.5, 2.95, 10.0, bet365, 1-1, -10,
Soccer, 10/02 12:30, GREU19, Live, 65′ Ergotelis – OFI U19 (2-1), over 4, 1.95, 10.0, bet365, 2-1, -10,
Soccer, 10/02 13:15, GREU19, Pre-Match, Kallithea – Sparti U19, 1/1, 2.50, 10.0, bet365, 2-0/7-0, +15,
Soccer, 10/02 15:00, GRE2, Pre-Match, Panserraikos – Aris 1.25:0, 1 asian, 1.80, 25.0, bet365, 1-3, -25,
Soccer, 11/02 11:00, GREU20, Live, 75′ Panetolikos – Platanias U20 (1-1), over 2.5, 2.00, 10.0, bet365, 2-1, +10,
Soccer, 11/02 15:00, GRE1, Live, 83′ Apollon Sm. – Levadiakos (1-1), over 2.5, 3.70, 10.0, bet365, 1-1, -10,
Soccer, 11/02 15:00, CYP1, Live, 80′ Pafos – APOEL (2-2), over 4.5, 2.00, 10.0, bet365, 2-3, +10,
Soccer, 11/02 15:00, CYP1, Live, 75′ Pafos – APOEL (1-2), over 3.5, 1.80, 10.0, bet365, 2-3, +8,
Soccer, 11/02 15:00, GRE3, Live, 70′ Proodeuteriki – Pelopas K. (2-2), over 4.5, 1.80, 15.0, stoiximan, 3-2, +12,
Soccer, 11/02 15:00, GRE2, Live, 64′ Sparti – Doksa Dramas (0-0), over 0.5, 2.00, 10.0, bet365, 1-0, +10,
Soccer, 11/02 15:00, GRE2, Live, 2′ Aiginiakos – Ergotelis (0-0), 1 DNB, 1.78, 15.0, bet365, 3-2, +11.7,
Soccer, 11/02 15:00, GRE2, Live, 2′ Sparti – Doksa Dramas (0-0), 2 DNB, 2.10, 15.0, bet365, 1-0, -15,
Soccer, 11/02 15:00, GRE1, Pre-Match, Apollon Sm. – Levadiakos 0:0.25, 1 asian, 1.82, 30.0, bet365, 1-1, -15,
Soccer, 11/02 17:15, GRE1, Pre-Match, AEK – Tripoli 0:1.5, 2 asian, 1.78, 20.0, bet365, 1-0, +15.6,
Soccer, 11/02 17:15, CYP1, Live, 70′ Apollon L. – AEK L. (0-0), over 0.5, 1.75, 25.0, bet365, 2-0, +18.75,
Soccer, 11/02 17:15, GRE1, Live, 77′ AEK – Asteras Tr. (1-0), over 1.5, 2.40, 10.0, bet365, 1-0, -10,
Soccer, 11/02 19:30, GRE1, Pre-Match, Atromitos – Olympiakos 0.5:0, 1 asian, 1.84, 20.0, pinnacle, 2-2, +16.8,
Soccer, 11/02 19:30, GRE1, Live, 70′ Atromitos – Olympiakos (2-1), over 3.5, 1.80, 15.0, bet365, 2-2, +12,
Soccer, 12/02 15:00, GRE2, Pre-Match, Apollon L. – Kissamikos, 1X, 3.00, 10.0, bet365, 2-0, +20,
Soccer, 12/02 15:00, GRE2, Live, 5′ Apollon L. – Kissamikos (1-0), 2, 7.00, 2.0, bet365, 2-0, -2,
Soccer, 14/02 17:00, CYPCUP, Live, 50′ Aris L. – AEK L. 0.75:0 (1-1), 2 asian, 1.80, 15.0, bet365, 1-2, +6,
Soccer, 14/02 18:00, CYPCUP, Live, 70′ Othellos – Apollon L. (0-0), 2, 1.90, 10.0, bet365, 1-0, -10,
Soccer, 14/02 19:00, CYPCUP, Pre-Match, Olympiakos L. – Salamina 0.5:0, 2, 1.95, 15.0, bet365, 3-3, -15,
Soccer, 16/02 19:00, CYP2, Pre-Match, Thoi – PAEEK, 1 DNB, 1.90, 10.0, bet365, 1-0, +9,
Soccer, 18/02 00:30, GRE1, Live, 73′ Olympiakos – Panionios (1-0), over 1.5, 1.80, 15.0, bet365, 1-0, -15,
Soccer, 18/02 15:00, GRE1, Pre-Match, Platanias – PAS, 2 DNB, 2.15, 15.0, bet365, 0-3, +17.25,
Soccer, 18/02 15:00, GRE2, Live, 20′ Karaiskakis – Apollon L. (0-0), 1, 1.85, 15.0, bet365, 2-0, +12.75,
Soccer, 18/02 15:00, GRE2, Live, 70′ Ergotelis – Trikala (0-1), over 1.5, 2.00, 10.0, bet365, 0-2, +10,
Soccer, 18/02 15:00, GRE2, Live, 80′ Doksa Dramas – Panserraikos (2-1), over 3.5, 2.50, 10.0, bet365, 3-1, +15,
Soccer, 18/02 15:00, GRE2, Live, 20′ Aris – Karditsa (0-0), 1 HT, 1.85, 10.0, bet365, 0-0, -10,
Soccer, 18/02 17:15, GRE1, Live, 25′ Levadiakos – Panetolikos (0-0), over 1.25, 1.95, 10.0, bet365, 1-2, +9.5,
Soccer, 18/02 17:15, GRE1, Live, 45′ AEK – Ksanthi (4-0), under 5.5, 1.70, 10.0, bet365, 4-0, +7,
Soccer, 18/02 17:15, GRE1, Pre-Match, AEK – Ksanthi, under 2.5, 1.75, 15.0, bet365, 4-0, -15,
Soccer, 20/02 15:00, GRE2, Pre-Match, Kissamikos – Kallithea, X2, 5.00, 5.0, bet365, 2-0, -5,
Soccer, 20/02 15:00, GRE2, Pre-Match, Kissamikos – Kallithea 0:1.75, 2 asian, 2.00, 10.0, bet365, 2-0, -5,
Soccer, 21/02 17:00, CYPCUP, Live, 77′ Doksa K. – Omonia (1-1), over 2.5, 1.80, 10.0, bet365, 1-1, -10,
Soccer, 21/02 18:00, CYP1, Live, 70′ Aris L. – Olympiakos L (0-1), over 1.5, 1.75, 15.0, bet365, 0-1, -15,
Soccer, 21/02 18:00, CYP1, Live, 45′ Aris L. – Olympiakos L 0:0 (0-0), 1 DNB, 1.80, 15.0, bet365, 0-1, -15,
Soccer, 24/02 13:00, GREU19, Live, 70′ Panaxaiki – Kissamikos U19 (2-1), over 4, 1.80, 10.0, bet365, 2-1, -10,
Soccer, 24/02 15:00 24-02 18:00, CYP2 CYP1, Pre-Match, Xalkanoras – Paralimni Olympiakos L - Apoel, 2 2, 1.5 1.16, 15.0, bet365, 1-3 2-3, +11.1,
Soccer, 24/02 15:00, CYP2, Pre-Match, PAEEK – Othellos, 2 DNB, 2.00, 15.0, bet365, 0-2, +15,
Soccer, 24/02 15:00, GRE1, Live, 5′ Trikala – Panaxaiki 0:0.25 (0-0), 1 asian, 2.00, 15.0, bet365, 0-1, -15,
Soccer, 24/02 15:00, GRE1, Live, 68′ PAS – Levadiakos (0-0), over 0.5, 1.90, 15.0, bet365, 0-0, -15,
Soccer, 24/02 17:15, GRE1, Live, 65′ Panionios – Asteras Tr. (0-0), over 0.5, 1.90, 15.0, bet365, 0-0, -15,
Soccer, 25/02 15:00, GRE1, Pre-Match, Ksanthi – Apollon Sm., X2, 2.05, 15.0, bet365, 1-0, -15,
Soccer, 25/02 15:00, GRE1, Live, 64′ Ksanthi – Apollon Sm. (1-0), over 1.5, 1.80, 20.0, bet365, 2-0, +16,
Soccer, 25/02 15:00, GRE2, Live, 75′ Iraklis – Naousa (1-1), over 2.5, 1.70, 15.0, stoiximan, 2-1, +10.5,
Soccer, 25/02 16:00, CYP1, Live, 1′ Alki – Salamina 0:0.25, 2 asian, 1.85, 20.0, bet365, 0-4, +17,
Soccer, 25/02 18:00, CYP1, Live, 71′ Pafos – AEK L (0-0), over 0.5, 1.85, 15.0, bet365, 1-1, +12.75,
Soccer, 01/03 17:00, CYPCUP, Live, 69′ Apollon L. – Othellos (1-0), over 2, 1.80, 15.0, bet365, 2-0, 0,
Soccer, 01/03 19:30, GRECUP, Pre-Match, AEL – AEK 0.75:0, 1 asian, 1.80, 20.0, bet365, 2-1, +16,
Soccer, 02/03 19:00, CYP2, Live, 85′ Thoi – Karmiotissa (1-1), 1, 5.00, 5.0, bet365, 1-2, -5,
Soccer, 03/03 11:00 03-03 12:00, GREU19 GREU19, Pre-Match, Kissamikos – Sparti u19 (5) Apollon L. - Trikala U19 (5), 1 2, 2.40 2.50, 15.0, bet365, 2-1 1-1, -3,
Soccer, 03/03 15:00, GRE2, Live, 75′ OFI – Karditsa (1-0), over 1.5, 1.80, 15.0, bet365, 1-0, -15,
Soccer, 03/03 15:00, GRE1, Live, 56′ Platanias – Lamia (0-0), over 0.5, 1.85, 15.0, bet365, 1-2, +12.75,
Soccer, 03/03 16:00, GRE1, Pre-Match, Olympiakos L. – Doksa K., 1, 2.75, 10.0, bet365, 0-1, -10,
Soccer, 03/03 16:00 03-03 16:00, CYP1 CYP1, Live, 75′ Olympiakos L. – Doksa K (0-1) 85' Olympiakos L. - Doksa K (0-1) (5), over 1.5 over 1.5, 1.75 3.25, 20.0, bet365, 0-1, -20,
Soccer, 03/03 17:15, GRE1, Pre-Match, Kerkira – PAS 0:0.25, 1 asian, 2.29, 15.0, bet365, 1-1, -7.5,
Soccer, 03/03 17:15, GRE1, Live, 65′ Kerkira – PAS (1-1), over 2.5, 1.90, 20.0, bet365, 1-1, -20,
Soccer, 03/03 18:00, CYP1, Live, 80 AEK L. – Anorthosi (2-2), over 4.5, 2.60, 10.0, bet365, 2-2, -10,
Soccer, 04/03 15:00, GRE1, Live, 20′ Panserraikos – Panegialios (0-0), 1, 2.00, 15.0, pinnacle, 3-0, +15,
Soccer, 04/03 15:00, GRE1, Live, 35′ Asteras Tr. – PAOK (1-0), over 2.5, 2.00, 10.0, pinnacle, 3-2, +10,
Soccer, 04/03 15:00, GRE1, Live, 55′ Asteras Tr. – PAOK (2-1), over 4, 1.90, 10.0, bet365, 3-2, +9,
Soccer, 04/03 15:00, GRE1, Live, 70′ Asteras Tr. – PAOK (2-1), over 3.5, 1.78, 25.0, pinnacle, 3-2, +19.5,
Soccer, 04/03 15:00, GRE1, Live, 77′ Asteras Tr. – PAOK (2-1), over 3.5, 2.15, 10.0, pinnacle, 3-2, +11.5,
Soccer, 04/03 17:15, GRE1, Live, 55′ Levadiakos – AEL 0:0.5 (0-1), 1 asian, 2.45, 10.0, pinnacle, 2-1, +14.5,
Soccer, 04/03 18:00, CYP1, Live, 1′ Salamina – Pafos (0-0), 1, 2.10, 15.0, bet365, 1-3, -15,
Soccer, 07/03 15:00, GRE2, Live, 70′ Apollon K. – Panserraikos (2-1)b, over 3.5, 1.80, 15.0, bet365, 2-1, -15,
Soccer, 07/03 15:00, GRE2, Live, 1′ Apollon K. – Panserraikos 0:1 (0-0), 2 asian, 1.98, 15.0, pinnacle, 2-1, 0,
Soccer, 08/03 17:00, GRE2, Live, 70′ Ergotelis – Panaxaiki (1-1), over 2.5, 1.80, 15.0, bet365, 2-1, +12,
Soccer, 09/03 19:00, CYP2, Live, 80′ Agia Napa – Paralimni (2-2), over 4.5, 1.75, 15.0, bet365, 2-3, +11.25,
Soccer, 10/03 19:00, CYP1, Live, 80′ Alki – Olympiakos L (2-1), over 3.5, 2.00, 10.0, bet365, 3-1, +10,
Soccer, 10/03 19:30, GRE1, Pre-Match, PAO – Asteras Tr., under 2.25, 1.80, 20.0, bet365, 1-1, +8,
Soccer, 10/03 19:30, GRE1, Live, 65′ PAO – Asteras Tr. (0-0), over 0.5, 2.00, 10.0, bet365, 1-1, +10,
Soccer, 11/03 15:00, GRE1, Pre-Match, Platanias – Olympiakos 1.5:0, 2 asian, 1.85, 20.0, bet365, 0-4, +17,
Soccer, 11/03 15:00, GRE3, Live, 70′ Kardia – Karitsa (1-1), over 2.5, 1.80, 10.0, stoiximan, 1-2, +8,
Soccer, 11/03 16:00, CYP1, Live, 72′ Apoel – AEK L. (0-0), over 0.5, 1.75, 20.0, bet365, 0-0, -20,
Soccer, 11/03 17:15, GRE1, Live, 65′ Ksanthi – Panetolikos (1-0), over 1.5, 1.90, 10.0, bet365, 1-0, -10,
Soccer, 14/03 19:00, CYPCUP, Pre-Match, Anorthosi – Apollon L., 1 DNB, 1.90, 15.0, bet365, 1-1, 0,
Soccer, 17/03 15:00, GRE2, Live, 5′ Kallithea – OFI (1-0), under 3.5, 1.80, 10.0, bet365, 1-3, -10,
Soccer, 17/03 15:00, GRE2, Live, 70′ Kallithea – OFI (1-2), over 3.5, 1.80, 20.0, bet365, 1-3, +16,
Soccer, 18/03 15:00 18-03 15:00, GRE3 GRE3, Live, 25′ Loutraki – Proodeutiki (1-0) 25' Loutraki - Proodeutiki (1-0) (5), over 2.5 2, 1.80 3.5, 10.0, bet365, 1-2, +16.5,
Soccer, 18/03 15:00, GRE2, Live, 1′ Panaxaiki – Aris (0-0), under 0.75, 1.85, 10.0, bet365, 1-0, -5,
Soccer, 18/03 19:00, CYP1, Live, 10′ Ermis – Doksa K. (0-0), over 2.5, 1.80, 10.0, bet365, 2-1, +8,
Soccer, 24/03 15:00, GRE2, Live, 70′ Kissamikos – Aris (2-2), over 4.5, 10, 1.8, bet365, 2-3, +8,
Soccer, 24/03 15:00, GRE2, Live, 70′ Panegialios – Kallithea (0-0), over 0.5, 1.95, 10.0, stoiximan, 0-0, -10,
Soccer, 24/03 15:00, GRE2, Live, 75′ Aiginiakos – Apollon L (1-1), over 2.5, 15, 1.75, bet365, 1-2, +11.25,
Soccer, 24/03 15:00, GRE2, Live, 80′ Aiginiakos – Apollon L (1-2), over 3.5, 2.00, 10.0, bet365, 1-2, -10,
Soccer, 31/03 13:00, GREU20, Live, 72′ PAO – Atromitos U20 (0-0), over 0.5, 1.80, 15.0, bet365, 1-0, +12,
Soccer, 31/03 15:00, GRE2, Live, 2′ Sparti -Kissamikos (0-0), 1 DNB, 1.87, 10.0, bet365, 1-3, -10,
Soccer, 31/03 15:30, CYP2, Pre-Match, Digenis V. – Anagenisi D., 2, 2.00, 10.0, bet365, 2-4, +10,
Soccer, 31/03 19:30, GRE1, Live, 75′ Levadiakos – Olympiakos (1-1), over 2.5, 1.70, 20.0, bet365, 1-1, -20,
Soccer, 31/03 19:30 31-03 17:00, GRE1 CYP1, Pre-Match, Levadiakos – Olympiakos Apoel - AEL, 2 1, 1.40 1.29, 30.0, bet365, 1-1 3-1, -30,
Soccer, 01/04 15:00, GRE2, Live, 62′ Kallithea – Apollon K. (0-0), over 0.5, 1.75, 15.0, bet365, 0-1, +11.25,
Soccer, 01/04 16:00, GRE3, Live, 70′ Rigas Fereos – Thiva (0-0), over 0.5, 1.80, 15.0, stoiximan, 0-0, -15,
Soccer, 01/04 16:00, GRE2, Live, 75′ Karaiskakis – Aiginiakos (1-0), over 1.5, 1.85, 15.0, bet365, 2-0, +12.75,
Soccer, 01/04 17:00, GRE2, Live, 70′ Aris – Doksa Dramas (1-0), over 1.5, 1.80, 15.0, bet365, 1-0, -15,
Soccer, 02/04 19:30, GRE1, Pre-Match, Asteras Tr. – Platanias 0:1.5, 1 asian, 1.88, 20.0, pinnacle, 4-0, +17.6,
Soccer, 04/04 15:30, GRE2, Live, 70′ Apollon K. – Ergotelis (1-0), over 1.5, 2.00, 10.0, bet365, 1-1, +10,
Soccer, 04/04 16:00 04-04 16:00, GRE2 GRE2, Pre-Match, Panserraikos – Sparti Panserraikos - Sparti (14), 1 X2, 2.00 2.80, 34.0, bet365, 3-1, +6,
Soccer, 04/04 17:00 04-04 17:00, CYP1 CYP1, Live, 20′ Pafos – Doksa K. (0-0) (10) 20' Pafos - Doksa K. (0-0), 1 over 2.5, 2.00 2.00, 20.0, bet365, 1-0, 0,
Soccer, 05/04 18:00, CYP1, Live, 60′ Ermis – Olympiakos Nic. (2-1), over 4, 1.95, 10.0, bet365, 3-2, +9.5,
Soccer, 05/04 18:00, CYP1, Live, 81′ Ermis – Olympiakos (2-1), over 3.5, 2.20, 10.0, bet365, 3-2, +12,
Soccer, 13/04 19:00 13-04 19:00, CYP2 CYP2, Pre-Match, PAEEK – Karmiotissa (15) PAEEK - Karmiotissa (5), X2 2 DNB, 2.00 3.25, 20.0, bet365, 2-2, +15,
Soccer, 14/04 15:00, GRE2, Pre-Match, Panserraikos – Kissamikos, 2 DNB, 2.37, 10.0, bet365, 0-2, +13.7,
Soccer, 14/04 17:00, GRE2, Live, 70′ Karaiskakis – Kallithea (1-0), over 1.5, 2.00, 10.0, bet365, 1-0, -10,
Soccer, 14/04 17:15, GRE1, Pre-Match, Levadiakos – Tripoli, 2 DNB, 2.00, 20.0, bet365, 1-0, -20,
Soccer, 14/04 17:15, GRE1, Live, 78′ Levadiakos – Tripoli (1-0), over 1.5, 1.90, 20.0, bet365, 1-0, -20,
Soccer, 15/04 15:00 15-04 15:00, GRE2 GRE2, Pre-Match, Panaxaiki – Apollon K. (10) Panaxaiki - Apollon K. (5), X2 2 DNB, 2.50 5.00, 15.0, bet365, 0-0, +15,
Soccer, 15/04 17:15, GRE1, Pre-Match, Ksanthi – PAS, 1, 2.00, 25.0, bet365, 3-0, +25,
Soccer, 15/04 18:00, CYP1, Pre-Match, Pafos – Salamina, X2, 1.83, 15.0, bet365, 1-2, +12.45,
Soccer, 16/04 19:00, CYP1, Live, 75′ Alki – Ermis Ar. (2-3), over 5.5, 1.80, 10.0, bet365, 2-3, -10,
Soccer, 18/04 19:00, CYPCUP, Pre-Match, AEK L. – APOEL 0:0, 1 asian, 1.85, 20.0, bet365, 2-0, +17,
Soccer, 20/04 19:00, CYP2, Live, 65′ ASIL – THOI (0-0), over 0.75, 1.78, 15.0, bet365, 0-2, +11.7,
Soccer, 20/04 19:00, CYP2, Live, 35′ Omonia Ar. – Paralimni (0-0), over 0.5 HT, 1.90, 10.0, bet365, 0-1, +9,
Soccer, 21/04 11:00, GREU20, Live, 83′ Panionios – PAO U20 (2-1), over 3.5, 2.40, 10.0, bet365, 14, +14,
Soccer, 21/04 11:00 21-04 11:00, GREU20 GREU20, Live, 46′ Panionios – PAO U20 (1-0) (5) 46' Panionios - PAO U20 (1-0), over 2.5 2, 2.00 4.00, 10.0, bet365, 2-2, 0,
Soccer, 21/04 17:00, GRE2, Pre-Match, Kissamikos – OFI, 1X, 2.25, 10.0, bet365, 1-1, +12.5,
Soccer, 22/04 15:00 22-04 19:00, EPL GRE1, Pre-Match, Apollon K. – Aris PAOK - Ksanthi, under 2.5 1, 1.60 1.20, 15.0, bet365, 0-0 2-1, +13.8,
Soccer, 22/04 17:00 22-04 17:00, GRE2 GRE2, Pre-Match, Ergotelis – Karaiskakis (7) Ergotelis - Karaiskakis, X 2 DNB, 3.90 5.00, 10.0, bet365, 4-1, -10,
Soccer, 22/04 19:00, GRE1, Pre-Match, PAS – Larisa, 1, 2.05, 20.0, bet365, 0-0, -20,
Soccer, 22/04 19:00, GRE1, Live, 5′ Apollon Sm. – Olympiakos (1-0), under 3.5, 1.80, 10.0, bet365, 1-0, +8,
Soccer, 22/04 19:00, GRE1, Live, 60′ PAOK – Ksanthi 0:1 (0-1), 1 asian, 2.00, 15.0, bet365, 2-1, +15,
Soccer, 22/04 19:00, GRE1, Live, 78′ PAOK – Ksanthi (1-1), over 2.5, 1.75, 20.0, bet365, 2-1, +15,
Soccer, 25/04 15:00, GRE2, Pre-Match, Panserraikos – Aiginiakos 0:0.25, 2 asian, 1.88, 15.0, bet365, 1-2, +13.2,
Soccer, 25/04 15:00, GRE2, Live, 72′ Karditsa – Kissamikos (2-3), over 5.5, 2.10, 15.0, bet365, 3-3, +16.5,
Soccer, 25/04 18:00, CYPCUP, Live, 45′ Pafos – Apollon L. 0.75:0 (0-3), 1 asian, 1.80, 10.0, bet365, 1-4, +8,
Soccer, 28/04 17:00, GRE2, Live, 82′ Kallithea – Sparti (0-0), over 0.5, 3.30, 5.0, bet365, 0-0, -5,
Soccer, 29/04 11:00, GREW, Live, 79′ Glyfada – PAOK W (0-0), over 0.5, 1.95, 10.0, bet365, 0-0, -10,
Soccer, 29/04 17:00 29-04 17:00, GRE3 GRE2, Pre-Match, Irodotos – Asteras Am. Apollon K. -OFI, under 2.5 under 2.5, 1.53 1.60, 10.0, stoiximan, 3-0 0-1, -10,
Soccer, 29/04 17:00, GRE2, Live, 75′ Trikala – Panserraikos (1-1), over 2.5, 1.80, 20.0, bet365, 2-1, +16,
Soccer, 29/04 19:00, GRE1, Pre-Match, Ksanthi – Larisa 0:1.25, 1 asian, 2.10, 20.0, pinnacle, 1-0, -10,
Soccer, 29/04 19:00, GRE1, Live, 21′ Asteras Tr. – Apollon S. 0:1.25 (0-0), 1 asian, 1.85, 15.0, bet365, 2-1, -7.5,
Soccer, 29/04 19:00, GRE1, Live, 67′ Asteras Tr. – Apollon Sm. (0-1), over 1.75, 1.75, 15.0, bet365, 2-1, +11.25,
Soccer, 29/04 19:00, GRE1, Live, 77′ Asteras Tr. – Apollon Sm. (0-1), over 1.5, 2.10, 15.0, bet365, 2-1, +16.5,
Soccer, 29/04 19:00, GRE1, Live, 80′ Asteras Tr. – Apollon Sm. (1-1), over 2.5, 2.40, 15.0, bet365, 2-1, +21,
Soccer, 02/05 17:00, GRE3, Live, 20′ Iraklis – NPS Volos (0-0), 1, 2.20, 10.0, stoiximan, 2-0, +12,
Soccer, 02/05 17:00, GRE3, Live, 65′ Apollon Paralimniou – Tilikratis (0-0), over 0.5, 1.70, 10.0, stoiximan, 0-0, -10,
Soccer, 04/05 16:00, GRE2, Live, 70′ Sparti – Ergotelis (1-2), over 3.5, 1.80, 10.0, bet365, 2-2, +8,
Soccer, 05/05 13:00 05-05 13:00, GREU19 GREU19, Pre-Match, Aiginiakos – Drama 1.5:0 (5) Aiginiakos - Drama, 2 asian over 3.5, 1.90 1.90, 10.0, bet365, 0-2, -0.5,
Soccer, 05/05 16:00 05-05 16:00, GREU19 GREU19, Pre-Match, Trikala – Panserraikos (5) Trikala - Panserraikos, 1 DNB 1, 3.40 4.00, 10.0, bet365, 0-1, -10,
Soccer, 05/05 19:00 05-05 21:45, GRE1 ITA1, Pre-Match, Apollon Sm. – AEK Juventus - Bologna, 2 1, 1.62 1.15, 30.0, pinnacle, 0-1 3-1, +25.89,
Soccer, 05/05 19:00, GRE1, Live, 70′ PAOK – Platanias (2-0), over 3, 1.80, 20.0, bet365, 3-0, 0,
Soccer, 06/05 17:00, GRE2, Pre-Match, Karditsa – Trikala, under 0.75 HT, 2.10, 10.0, bet365, 0-0, +11,
Soccer, 06/05 17:00, GRE3, Live, 18′ Spata – Irodotos (0-1), 1X, 1.88, 10.0, bet365, 2-1, +8.8,
Soccer, 06/05 17:00, GRE2, Live, 67′ Aiginiakos – Kissamikos 0:0.25, 1 asian, 1.90, 15.0, bet365, 1-1, -7.5,
Soccer, 06/05 19:30, UKR1, Live, 80′ Oleksandria – Zirka (1-0), over 1.5, 2.30, 10.0, bet365, 1-0, -10,
Soccer, 07/05 19:00, GRE1, Live, 10′ Pao – Ksanthi (0-0), 1, 2.30, 15.0, bet365, 1-2, -15,
Soccer, 12/05 20:30, GRECUP, Pre-Match, AEK – PAOK, 2, 3.60, 20.0, bet365, 0-2, +52,
Soccer, 12/05 20:30, GRECUP, Live, 72′ AEK – PAOK (0-1), over 1.5, 2.05, 15.0, bet365, 0-2, +15.75,
Soccer, 13/05 15:00, GREU20, Live, 65′ PAOK – Levadiakos 0:0.75 (0-0), 1 asian, 1.75, 15.0, bet365, 4-2, +11.25,
Soccer, 13/05 15:00, GRE2, Live, 82′ Trikala – Aiginiakos (1-0), over 1.5, 2.90, 10.0, bet365, 1-0, -10,
Soccer, 13/05 17:00, GRE2, Live, 28′ Trikala – Aiginiakos 0:0.25 (0-0, 2 asian, 1.75, 15.0, bet365, 1-0, -15,
Soccer, 13/05 17:00 13-05 17:00, GRE3 GRE3, Live, 68′ Ethnikos – Spata (0-0) (4) 68' Ethnikos - Spata (0-0), 2 over 0.5, 9.00 1.90, 10.0, stoiximan, 0-0, -10,
Soccer, 13/05 19:00, GRE1, Pre-Match, Winner w/o Olympiakos, PAOK, 1.87, 60.0, stoiximan, AEK, -60,
Soccer, 16/05 17:00, GRE2, Live, 70′ Aiginiakos – Kallithea (0-0), over 0.5, 1.75, 15.0, bet365, 2-0, +11.25,
Soccer, 16/05 17:00, GRE2, Live, 25′ Aiginiakos – Kallithea (0-0), 1, 1.70, 15.0, pinnacle, 2-0, +10.5,
Soccer, 16/05 18:30, CYPCUP, Live, 3′ AEK L. – Apollon L. 0.25:0 (0-0), 2 asian, 1.90, 15.0, bet365, 2-1, -15,
Soccer, 19/05 17:00, UKR1, Pre-Match, Karpaty Lviv – Stal, X HT, 2.05, 15.0, bet365, -15, -15,
Soccer, 20/05 17:00, GRE2, Pre-Match, Ergotelis – Aiginiakos (0-0), over 2.5, 2.10, 12.0, bet365, 5-1, +13.2,
Soccer, 09/07 20:00, FRIE, Pre-Match, PAOK – Steaua B., 1 DNB, 1.72, 10.0, pinnacle, 2-1, +7.2,
Soccer, 12/07 19:00, EL, Pre-Match, Ilves – Slavia Sofia 0:0, 1 asian, 1.70, 10.0, bet365, 0-1, -10,
Soccer, 13/07 17:00, FRIE, Pre-Match, AEK L. – AEK 0.5:0, 1 asian, 1.79, 10.0, pinnacle, 0-0, +7.9,
Soccer, 15/07 13:30 15-07 13:30, FRIE FRIE, Pre-Match, ***COVER Antwerp – PAOK (14) Antwerp - PAOK (20), 1 DNB 2 DNB, 2.75 1.83, 34.0, bet365, 3-1, +4.5,
Soccer, 15/07 14:00, FRIE, Live, 20′ Eupen – Olympiakos 0.25:0 (0-0), 2 asian HT, 2.05, 10.0, bet365, 0-0, -5,
Soccer, 16/07 13:30, FRIE, Live, 20′ PAOK – De Graafschap 0:0.75 (0-0), 1 asian, 1.80, 10.0, bet365, 2-1, +4,
Soccer, 17/07 20:00, CL, Live, 6′ Apoel – Suduva 0:1.75 (0-0), 1 asian, 1.83, 10.0, bet365, 1-0, -10,
Soccer, 19/07 18:00, EL, Live, 8′ Laci – Anorthosi 0.25:0 (0-0), 2 asian, 1.90, 15.0, pinnacle, 1-0, -15,
Soccer, 22/07 17:00, FRIE, Pre-Match, Antwerp – Pao, 1 DNB, 2.15, 15.0, bet365, 2-1, +16.5,
Soccer, 24/07 20:30, CL, Pre-Match, PAOK – Basel, under 2.5, 1.90, 15.0, bet365, 2-1, -15
